video_id,title,published_at,views,likes,comments,duration,category,theme,emotion,difficulty,audience,title_type
FupSOv6MYjU,魚の生態が災害で分かった。どういうこと？,2026-06-23T09:45:17Z,119078,2859,259,PT38M5S,科学・自然,科学・自然,疑問,中級,一般,質問型
eid-95TJfr8,「ホテらすネツタイヤ」は、なぜ革命的な歌詞なのか？,2026-06-16T09:45:08Z,187424,3779,501,PT38M33S,語源・語彙,語源・語彙,疑問,中級,言語好き,質問型
VXYI0evVJjc,おもしろい響きの単語を集めたよ！【ハネオツパイ】,2026-06-09T09:45:26Z,162052,3675,781,PT30M46S,語源・語彙,音声・音韻,笑い,中級,言語好き,断定型
S1wu9L20pNI,右耳が聞こえなくて病院へ。診断結果は…？,2026-06-02T09:45:02Z,203397,4487,1150,PT41M16S,その他,その他,疑問,中級,言語好き,質問型
q0IMJI6emLE,結局、日本語は乱れているのか？,2026-05-26T09:45:02Z,241812,5250,1234,PT32M14S,言語学,日本語文法,議論,中級,言語好き,質問型
p5eY09Vqg_s,辞書のおもしろ説明を厳選しました。,2026-05-19T09:45:07Z,195138,4445,316,PT35M38S,語源・語彙,読書・学習,笑い,中級,読書好き,解説型
RFIb4FE3C-I,五十音表にひとつ足すなら、何がベスト？,2026-05-12T09:45:03Z,226257,5117,1091,PT45M1S,言語学,文字・漢字,実用,中級,言語好き,質問型
Kh2Zbztumfg,農薬から甘味料が生まれた。なぜ？,2026-05-05T09:45:01Z,223189,4962,305,PT29M45S,科学・自然,科学・自然,疑問,中級,一般,質問型
wIUTgaYwDI8,堀元誕生祭&（多分）言語50万人突破記念&（多分）コンピュータ30万人突破記念ライブ,2026-04-30T13:37:01Z,198314,3142,86,PT2H34M31S,その他,雑談・ライブ,知識欲,初級,言語好き,ライブ型
4Dn3sEg9Soo,「弁」って意味多すぎない？？？,2026-04-28T09:45:00Z,209058,4854,741,PT28M16S,語源・語彙,語源・語彙,疑問,中級,言語好き,質問型
p3tLhFwZgb0,現代文のテスト、著者は本文見ずに解ける？,2026-04-21T09:45:07Z,204564,5064,543,PT36M28S,言語学,語源・語彙,疑問,中級,読書好き,質問型
23b_3hSVoRk,言語学者も悩み続ける「文」の正体,2026-04-14T10:30:01Z,258215,4817,783,PT51M49S,言語学,語源・語彙,知識欲,中級,言語好き,謎解き型
0J3SC17Dau8,離席したら悪口を言われるのか、検証しました。,2026-04-07T09:45:00Z,711785,11447,1686,PT2H53M29S,社会・時事,コミュニケーション,知識欲,中級,一般,検証型
Vxd7p4u3O_4,言語学映画『メッセージ』にマジレスする動画,2026-03-31T09:45:02Z,246561,4595,525,PT43M1S,言語学,語源・語彙,知識欲,中級,言語好き,断定型
P4fjSMbv3o4,言語学者が炎上した。なぜ？,2026-03-24T09:45:01Z,247443,4382,304,PT34M21S,社会・時事,コミュニケーション,議論,中級,言語好き,質問型
4K_gR9gyb9o,「言語が思考を決定する」。サピア=ウォーフの仮説はなぜ生まれた？,2026-03-17T09:45:01Z,319241,6523,357,PT26M14S,言語学,意味・論理,疑問,上級,言語好き,質問型
uEZJIdA0F7Q,「よろしくお願いします」が消える日,2026-03-10T09:45:06Z,301902,5843,1219,PT59M22S,コミュニケーション,コミュニケーション,違和感,中級,言語好き,断定型
Gt5IeJQeu7g,女性だけに売れまくったドイツの本とは？,2026-03-03T09:45:01Z,235072,4526,497,PT40M40S,歴史・文化,歴史・文化,疑問,中級,一般,質問型
H6tvHNaNWWQ,関西弁の本質は「利他」だった。,2026-02-24T09:45:02Z,347560,7777,1333,PT32M46S,言語学,方言・地域語,知識欲,中級,言語好き,断定型
bncMHojUgWs,エセ関西弁はなぜ嫌われるのか？,2026-02-17T09:45:02Z,262238,5858,971,PT22M46S,言語学,方言・地域語,議論,中級,言語好き,質問型
eRHDMUvmckA,結局「推し」って何？ 専門家に聞いてみた,2026-02-10T09:45:04Z,262664,6431,1027,PT1H20M10S,社会・時事,コミュニケーション,疑問,中級,一般,質問型
qQaF3UmQdCU,（笑）とw、どっち使えばいいの？,2026-02-03T09:45:05Z,333148,6978,1976,PT1H12M28S,コミュニケーション,コミュニケーション,実用,中級,言語好き,質問型
2HoWMgXI4II,研究者の人生を変えた「どフェチ論文」を聞きました。,2026-01-27T09:45:00Z,182921,4424,259,PT55M43S,その他,その他,知識欲,中級,言語好き,断定型
nui5zja3wQs,世界中の色を調べたら、衝撃の事実が分かりました。,2026-01-20T09:45:08Z,276534,5709,993,PT58M13S,科学・自然,科学・自然,驚き,中級,雑学好き,検証型
srb5HwiC3gg,「古代人は色が見えなかった」という衝撃の説,2026-01-13T09:45:05Z,365570,7957,969,PT39M34S,歴史・文化,歴史・文化,驚き,中級,雑学好き,断定型
R7yBM31DbfM,村を作っていた黒歴史に、決着がつきました,2026-01-10T00:45:02Z,276207,6281,476,PT22M36S,その他,歴史・文化,知識欲,中級,言語好き,謎解き型
h7tMEfZIhdU,なぜ「世界記録が破れた」と言えないのか？,2026-01-06T09:45:09Z,204416,3849,465,PT38M23S,言語学,語源・語彙,疑問,中級,言語好き,質問型
B4DskRymyeM,2025年ベスト本を語り尽くします。,2025-12-30T09:45:00Z,180273,3648,304,PT40M21S,その他,読書・学習,実用,中級,読書好き,ランキング型
l2RkHuzECQ0,激動の1年を振り返るライブ【全国ツアー後夜祭】,2025-12-28T14:12:22Z,132677,1946,112,PT4H50M48S,その他,雑談・ライブ,知識欲,初級,言語好き,ライブ型
JCm4dRoLO2s,ゆる国語辞典ラジオ,2025-12-23T09:45:01Z,112771,2679,177,PT1H2M5S,その他,読書・学習,知識欲,中級,読書好き,断定型
wBAYgWERnLo,12/27、すべての真実が明らかに。,2025-12-20T03:35:50Z,62232,1339,91,PT40S,その他,その他,知識欲,中級,言語好き,謎解き型
bXR8BIYLV7E,温泉旅館で寝る前の会話,2025-12-16T09:45:05Z,159903,3298,380,PT1H40M17S,その他,雑談・ライブ,知識欲,中級,言語好き,雑談型
X7JpfLAb1Xs,専門家と「プロジェクション」を語り尽くす1時間,2025-12-09T09:45:04Z,172772,3868,501,PT1H9M15S,心理学・認知,心理・認知,知識欲,中級,言語好き,解説型
aDLr5jFmL_8,「フィリピンの賭博」と「ジャンクション」に共通点を見つけました。,2025-12-02T09:45:00Z,154825,3257,313,PT25M16S,語源・語彙,語源・語彙,知識欲,中級,言語好き,断定型
GAqZFncwndM,貴重すぎる鹿児島方言の資料は、漂流から生まれた。,2025-11-25T09:45:02Z,192092,3891,348,PT38M3S,言語学,方言・地域語,知識欲,中級,言語好き,断定型
j1hzaE-nPDQ,『利己的な遺伝子』の内容、ホントに知ってる？ 古典的名著を語る回,2025-11-18T09:45:06Z,225350,3915,440,PT1H11M32S,科学・自然,科学・自然,疑問,中級,読書好き,質問型
4lTesMnx308,バーガーキングがGoogleを怒らせたCMは？【広告エウレーカクイズ】,2025-11-11T09:45:00Z,268963,4588,306,PT36M18S,社会・時事,クイズ・ゲーム,議論,初級,ビジネス層,クイズ型
AV8jY6BDpWM,マンションポエムの凄さは、1文字で分かる。,2025-11-04T09:45:01Z,283860,5481,536,PT44M28S,言語学,語源・語彙,知識欲,中級,言語好き,断定型
2RK700azLzs,地域に根付く「方言漢字」って何者？？？,2025-10-28T09:45:00Z,339742,7041,758,PT32M18S,文字・漢字,方言・地域語,疑問,中級,言語好き,質問型
7vNhgWgcuuo,「タメ語でいいよ」は暴力になりうる,2025-10-21T09:45:00Z,521134,9522,1295,PT1H24M58S,コミュニケーション,日本語文法,違和感,中級,言語好き,断定型
5VJA9V34iy4,「ます」は死にかけている,2025-10-14T09:45:00Z,392095,8214,1820,PT39M11S,言語学,日本語文法,違和感,中級,言語好き,断定型
MR_gz2U7UvY,「っす」は失礼じゃない。むしろ神。,2025-10-07T09:45:02Z,595882,16428,1429,PT24M43S,言語学,日本語文法,違和感,中級,言語好き,断定型
pWSf-2bez84,うんちくをしりとりで繋いだら、歴史言語学者が強すぎた。,2025-09-30T09:45:04Z,228468,3912,484,PT51M39S,言語学,クイズ・ゲーム,驚き,上級,雑学好き,検証型
1tSTqYyB4pk,accountはなぜ「口座」も「説明」も表すのか？,2025-09-23T09:45:00Z,278600,4920,527,PT1H10M59S,語源・語彙,語源・語彙,疑問,中級,言語好き,質問型
QAHHqNFAiTU,国語の教科書を15年ぶりに読んじゃおうぜ！！！！！,2025-09-16T09:45:04Z,310009,5546,533,PT48M30S,言語学,読書・学習,驚き,中級,学生,断定型
SehpE5FQDsQ,努力中毒者の実態をお伝えします。,2025-09-09T09:45:03Z,554389,11242,852,PT46M10S,心理学・認知,心理・認知,知識欲,中級,言語好き,検証型
nhzoES_7hCY,【苦節3年】辞書を読み終える瞬間のライブ【新明解】,2025-09-06T15:36:25Z,172120,2158,76,PT3H2M20S,その他,雑談・ライブ,共感,初級,読書好き,ライブ型
AnRSkCoTW7M,アル中に酒を飲ませる治療って何？？？,2025-09-02T09:45:01Z,310799,4774,415,PT40M41S,科学・自然,科学・自然,疑問,中級,一般,質問型
Mda9QSd9G-s,みんなが手話で話す村は、現代日本にもあった。,2025-08-26T09:45:03Z,148640,4057,445,PT43M50S,言語学,方言・地域語,知識欲,中級,言語好き,断定型
T-jKleBEeM4,聞こえない人の理想郷は、なぜ崩壊した？,2025-08-19T09:45:06Z,226330,7484,893,PT42M13S,社会・時事,コミュニケーション,疑問,中級,一般,質問型
GoGUaUHdrKQ,聞こえる人も聞こえない人も、みんなが手話を使った島。,2025-08-12T09:45:02Z,168577,4911,344,PT25M15S,言語学,方言・地域語,知識欲,中級,言語好き,断定型
QpbHWSXCE2w,日本で初めて「彼女」と呼ばれた人,2025-08-05T09:45:02Z,203024,4151,504,PT42M30S,語源・語彙,語源・語彙,知識欲,中級,言語好き,断定型
5CrYwigtrF0,難解なマンションポエムを読解しよう！,2025-07-29T09:45:00Z,166348,3167,441,PT32M32S,言語学,語源・語彙,知識欲,中級,言語好き,断定型
TQGekCftU1A,視覚思考者の脳内を見せてもらいました。,2025-07-22T09:45:02Z,506357,12782,1402,PT51M33S,心理学・認知,心理・認知,知識欲,中級,言語好き,断定型
eNxaoYVFPew,図鑑に溺れようぜ！！！！！,2025-07-15T09:45:07Z,311147,7076,577,PT1H2M3S,その他,科学・自然,驚き,中級,言語好き,断定型
ncBjTH1mD6o,【緊急報告】『0.2秒言語学』の品切れについて。たいへん申し訳ありません。,2025-07-10T08:07:00Z,207169,7373,1461,PT11M29S,その他,読書・学習,共感,中級,言語好き,解説型
Wv3K9X5vWc0,死ぬ気で書いた本が予約開始！ 印税は人にあげます。,2025-07-08T09:45:07Z,271291,7063,718,PT49M2S,その他,読書・学習,知識欲,中級,言語好き,断定型
RqJWQBqU_24,ルー大柴はなぜ、奇妙な言葉を使うのか？,2025-07-01T09:45:03Z,168086,3290,366,PT33M40S,言語学,語源・語彙,疑問,中級,言語好き,質問型
zy9vSrvvKQc,「だってばよ！」をどう訳す？ マンガ翻訳の世界が深すぎる。,2025-06-24T09:45:04Z,241779,4593,482,PT38M12S,言語学,語源・語彙,実用,中級,言語好き,質問型
gVR5J7ff3Xc,気象庁のWebサイトのヘンなところは？,2025-06-17T09:45:04Z,285077,4186,338,PT35M28S,コミュニケーション,コミュニケーション,疑問,中級,言語好き,質問型
a3__GE7ArI8,不毛な対立を避けるために、英文法を学べ！,2025-06-10T09:45:00Z,154091,4140,541,PT41M33S,言語学,日本語文法,議論,中級,言語好き,断定型
ZrtTUpdfwI8,ド級の英語オンチに「関係詞」教えてみた【カタルシス英文法 関係詞①】,2025-06-03T09:45:05Z,239456,5681,556,PT41M20S,言語学,日本語文法,知識欲,中級,学生,断定型
BsYt7Qhl0pQ,コスプレ界隈用語「まだ労働」の意味が意外すぎる,2025-05-27T09:45:00Z,369639,6570,2969,PT49M26S,語源・語彙,語源・語彙,驚き,中級,雑学好き,断定型
q9gnok712pc,女性器から男性器になった植物,2025-05-20T09:45:11Z,215295,4001,588,PT38M24S,科学・自然,科学・自然,知識欲,中級,一般,断定型
fb-OfzOVDow,自分がない。社会に適合しすぎる男の悲劇。,2025-05-13T09:45:04Z,679393,10861,1600,PT1H32M40S,心理学・認知,心理・認知,共感,中級,言語好き,断定型
OlMjMnpj_ig,自己肯定感と自己評価は別物,2025-05-06T09:45:03Z,421283,8573,919,PT51M22S,心理学・認知,心理・認知,知識欲,中級,言語好き,断定型
-P4gKIe13p8,言語オタクが、便利な方言を厳選しました。,2025-04-29T09:45:01Z,187372,3142,823,PT52M44S,言語学,方言・地域語,知識欲,中級,言語好き,解説型
WmGSMBREiB8,おっさんのセンスを読み切れ！ダジャレ命名クイズ！,2025-04-22T09:45:04Z,302793,4867,370,PT33M34S,語源・語彙,クイズ・ゲーム,知識欲,初級,言語好き,クイズ型
5QYQbzVSXTI,rightはなぜ「右」も「権利」も表すのか？,2025-04-15T09:45:00Z,345220,5380,833,PT47M18S,語源・語彙,語源・語彙,疑問,中級,言語好き,質問型
NdbOyZUaVeA,言語オタクなら、難解下ネタ語彙も理解できるのか？,2025-04-08T09:45:02Z,233243,4290,575,PT47M10S,語源・語彙,語源・語彙,疑問,中級,言語好き,質問型
86acfeflqg4,「はい」と「うん」の違いを徹底解説します。,2025-04-01T09:45:00Z,280771,5559,471,PT33M24S,言語学,日本語文法,知識欲,中級,言語好き,解説型
c8KS4Httk7s,「はい」と「うん」の違いは、丁寧さではない。,2025-03-25T09:45:04Z,387583,6873,704,PT25M51S,言語学,日本語文法,知識欲,中級,言語好き,断定型
CjzZYapq_1Q,収録の2年後に公開されるタイムカプセル回【2023年3月収録】,2025-03-18T09:45:06Z,203026,4591,503,PT1H4M,その他,その他,知識欲,中級,言語好き,断定型
5J6soZ3Kkk4,イオンはカゴの色分けで売上を伸ばした。【うんちくエウレーカクイズ 色編】,2025-03-11T09:45:00Z,302204,4712,342,PT36M30S,社会・時事,クイズ・ゲーム,知識欲,初級,雑学好き,クイズ型
GZRCpEGmhS0,「懐石料理」、今と昔で意味が真逆。なぜ？,2025-03-04T09:45:02Z,333853,4336,676,PT47M41S,語源・語彙,歴史・文化,驚き,中級,言語好き,質問型
lEvVyrJ2uak,説明動画で満足しちゃダメ？ なぜ原典を読むべきなのか？【おたより回】,2025-02-25T09:45:04Z,262375,3669,411,PT47M24S,その他,その他,疑問,中級,言語好き,質問型
wf59kjaMCfs,言語を司る遺伝子「FOXP2」,2025-02-18T09:45:05Z,328871,4524,343,PT34M20S,科学・自然,科学・自然,知識欲,上級,一般,断定型
d98Aqcky0Lg,東京外国語大学に13年いた人のあるある【極限】,2025-02-11T09:45:02Z,188712,3286,421,PT1H3M32S,その他,その他,共感,中級,言語好き,断定型
LNj0-cppMXw,恋愛に関する言語学論文を集めました,2025-02-04T09:45:01Z,273985,4576,342,PT39M21S,言語学,語源・語彙,知識欲,中級,言語好き,解説型
5Ewz-HDFZHU,ラジオで年商1億円？ 謎の会社pedanticの内情を暴露します。,2025-01-28T09:45:00Z,368578,5619,473,PT1H13M44S,その他,その他,疑問,中級,言語好き,謎解き型
Zdfhde6iasg,言語学オリンピック早解き対決！【言語学者VS素人ふたり】#389,2025-01-21T09:45:03Z,153287,3128,229,PT32M49S,言語学,語源・語彙,知識欲,上級,言語好き,検証型
XEPbPPCJIH0,【30万人突破記念！】 リスナーの質問に初めて答える公開収録 in 大阪,2025-01-18T12:14:30Z,109372,2165,99,PT1H20M1S,その他,その他,知識欲,中級,言語好き,断定型
CydUkNQPMFQ,「モテ」と「おもしろ」、どっちを優先する？#388,2025-01-14T09:45:01Z,456929,7010,997,PT1H3M54S,その他,その他,実用,中級,言語好き,質問型
kTuz8V6Cznc,韓国語の専門家と一緒に、おもしろ単語を堪能しよう！#387,2025-01-07T09:45:01Z,223717,4457,457,PT35M33S,言語学,語源・語彙,笑い,中級,言語好き,解説型
qQXCIzpCycM,動詞を見れば死生観が分かる！記述言語学者に聞く、言語地図の楽しみ方。#386,2024-12-31T09:45:03Z,385639,6548,494,PT55M31S,言語学,語源・語彙,知識欲,上級,言語好き,断定型
vfG9VPhJlDE,言語オタクが、辞書に載せたい日本語を集めました。#385,2024-12-24T09:45:03Z,316069,3786,646,PT44M45S,語源・語彙,読書・学習,知識欲,中級,読書好き,解説型
m0m5PSNTT94,花言葉はなぜ変わったのか？【うんちくエウレーカクイズ 植物編】#384,2024-12-17T09:45:02Z,458059,4532,303,PT40M27S,歴史・文化,クイズ・ゲーム,疑問,初級,雑学好き,クイズ型
FB_V1Kn-ulo,ミニカーに乗ろうとする子ども。そこには衝撃の理由が…！【スケールエラー】#383,2024-12-10T09:45:01Z,184513,3501,391,PT40M5S,心理学・認知,心理・認知,驚き,中級,雑学好き,断定型
qZyavCd6xBc,ゆる言語学ラジオ本大賞2024、発表ライブ！,2024-12-07T11:42:50Z,131219,2245,109,PT1H3M6S,その他,雑談・ライブ,知識欲,初級,読書好き,ライブ型
a_qAlQtFZgo,大人の間違いを専門家に解説してもらったら、感動が生まれた #382,2024-12-03T09:45:00Z,446660,7346,1201,PT1H8M35S,心理学・認知,心理・認知,共感,中級,言語好き,検証型
oWBznhMApjY,大人になってから興奮した「学校教育アハ体験」を語ろう！！#381,2024-11-26T09:45:02Z,306490,5474,698,PT1H7M51S,その他,その他,知識欲,中級,言語好き,断定型
XwCxg_mDO7E,本の裏にいる「校正者」の正体を探ろう！【原体験はドラクエ】#380,2024-11-19T09:45:03Z,199904,3259,347,PT36M31S,歴史・文化,歴史・文化,知識欲,中級,読書好き,謎解き型
N5JkLGAyOGQ,なぜ歯医者は「あいてください」と言うのか？【おたより回】#379,2024-11-12T09:45:01Z,148599,2556,482,PT40M14S,コミュニケーション,コミュニケーション,疑問,中級,言語好き,質問型
k7nk-ZH3_B4,オリンピックの輪は、なぜこの色でないといけないのか？【うんちくエウレーカクイズ オリンピック編】#378,2024-11-05T09:45:03Z,423750,4385,399,PT58M51S,歴史・文化,クイズ・ゲーム,疑問,初級,雑学好き,クイズ型
-PkSLQxMQ1g,有名じゃないけど良い本、紹介します。#377,2024-10-29T09:45:00Z,228892,3717,313,PT54M54S,その他,読書・学習,知識欲,中級,読書好き,断定型
7MnHl-ixymQ,言語哲学者が芸能人の発言を分析したら…？#376,2024-10-22T09:45:00Z,219252,3265,420,PT1H4M19S,言語学,意味・論理,疑問,上級,言語好き,質問型
fe5kdBLS8wM,ちょいガチ言語学ラジオ「意味論」#375,2024-10-15T09:45:02Z,1170362,6913,629,PT3H3M24S,言語学,意味・論理,知識欲,上級,言語好き,断定型
Ui0nA0CHfcs,嬉しいお知らせがあります #374,2024-10-12T00:45:02Z,160146,4133,452,PT8M52S,その他,その他,知識欲,中級,言語好き,断定型
HmClYAes144,徹底討論！ 「結論から喋る」は本当に正しいのか？ #373,2024-10-08T09:45:00Z,788723,14150,1265,PT1H9M50S,コミュニケーション,コミュニケーション,議論,中級,言語好き,質問型
WmVm81unxP4,「論理的」は、地域によって違う #372,2024-10-05T00:45:01Z,734616,13299,1010,PT44M57S,コミュニケーション,コミュニケーション,知識欲,中級,言語好き,断定型
Duv-BH9ksGs,四季報がおもしろすぎる。炎上対策の会社が上場してるの？#371,2024-10-01T09:45:01Z,408007,6665,359,PT55M57S,社会・時事,コミュニケーション,議論,中級,ビジネス層,質問型
hbG4Qx4h66g,専門家に、オススメの下ネタ古文を教わりました。#370,2024-09-28T00:45:01Z,134304,2634,254,PT52M58S,歴史・文化,歴史・文化,知識欲,中級,一般,断定型
GCKrWDabp_Q,「文献学」って何やってるの？ 文献学者がクイズ形式で教えてくれました。#369,2024-09-24T09:45:00Z,128591,2437,162,PT48M38S,言語学,クイズ・ゲーム,疑問,上級,読書好き,クイズ型
mERvFWc67xM,「係り結び」って要らなくない？ 専門家に直撃してみた#368,2024-09-21T00:45:04Z,163180,3392,305,PT41M38S,言語学,日本語文法,疑問,上級,言語好き,質問型
CK4DJPpF3jo,福本伸行の傑作『天』を読み返して泣いちゃった話 #367,2024-09-17T09:45:00Z,277386,3552,390,PT1H16M47S,その他,その他,共感,中級,読書好き,断定型
45RCrQPToHM,【おもしろすぎるパズル】昔ハマった遊びを語るよ！！【大根抜き】 #366,2024-09-14T00:45:00Z,150192,2742,461,PT48M15S,その他,その他,笑い,中級,言語好き,雑談型
IrMH5X5zICY,言語学の本を書くときのあるあるを全部言います。#365,2024-09-10T09:45:01Z,90439,1843,121,PT42M36S,その他,その他,共感,中級,言語好き,解説型
AQdkeC7Ea4k,実在するか見破れ！ヘンな論文クイズ！【ペンギンのウンチの圧力】#364,2024-09-07T00:45:02Z,108206,2252,201,PT40M55S,科学・自然,クイズ・ゲーム,知識欲,初級,雑学好き,クイズ型
8Wpli2n6wAE,人のすれ違いは「スキーマ」から生まれる。【赤ちゃんミステイクアワード】　#363,2024-09-03T09:45:00Z,293639,5121,591,PT1H51S,心理学・認知,心理・認知,知識欲,中級,言語好き,断定型
0B4CJgugFv0,バズった人とバズらなかった人のラジオ #362,2024-08-31T00:45:00Z,187878,3247,363,PT46M13S,社会・時事,コミュニケーション,知識欲,中級,ビジネス層,断定型
4x0zoCDYlo4,バズるツイートを本気で考える動画#361,2024-08-27T09:45:00Z,170103,3324,385,PT51M21S,社会・時事,コミュニケーション,知識欲,中級,ビジネス層,断定型
_hIc-MwdUeY,パキスタンの強すぎるゲーマーは、なぜ無名だったのか？【うんちくエウレーカクイズ_ゲーム編】#360,2024-08-24T00:45:02Z,342613,4266,445,PT59M16S,社会・時事,クイズ・ゲーム,疑問,初級,雑学好き,クイズ型
afDWJlu7w5s,LINEをすぐ返せない人の心理を考えよう #359,2024-08-20T09:45:00Z,511294,7351,1233,PT56M39S,心理学・認知,心理・認知,知識欲,中級,言語好き,断定型
JOPGCUbsADg,オノマトペを使うだけで記憶力も筋力も上がるらしい【怪しくないよ】#358,2024-08-17T00:45:00Z,147679,2667,337,PT43M22S,言語学,音声・音韻,知識欲,中級,言語好き,断定型
C-ppWQ9o5xA,「野菜をコトコト煮込まない」はなぜキモいのか？#357,2024-08-13T09:45:00Z,316760,4415,681,PT43M35S,心理学・認知,心理・認知,違和感,中級,言語好き,質問型
FOiAlndixJY,1分ごとに使える文字が減るラジオ #356,2024-08-10T00:45:00Z,139938,3196,431,PT39M27S,その他,その他,知識欲,中級,言語好き,断定型
Sxo5vpoJGnM,読書で挫折しないコツ「ギャルになる」#355,2024-08-06T09:45:01Z,698642,13610,748,PT1H22M6S,その他,読書・学習,実用,中級,読書好き,断定型
TUu-XVmAUSQ,読書ガチ勢が、本を読むコツを教えます【◯◯を読んではいけない】#354,2024-08-03T00:45:02Z,499865,11728,648,PT55M12S,その他,読書・学習,実用,中級,読書好き,解説型
_6SoIktBgX4,子どもは墓で「ハッピーバースデー」と言う。なぜ？【赤ちゃんミステイクアワード】#353,2024-07-30T09:45:02Z,143975,3152,643,PT43M46S,心理学・認知,心理・認知,疑問,中級,言語好き,質問型
gxcUdW9O-xo,【群論病】世界中のヘンな単語を集めろ！【eisegesis】#352,2024-07-27T00:45:01Z,220771,3259,341,PT35M15S,語源・語彙,クイズ・ゲーム,知識欲,中級,言語好き,断定型
rR0fL67rcrg,インテリ悪口でお互いを罵ろう！【屹度馬鹿】#351,2024-07-23T09:45:04Z,255362,3778,314,PT40M24S,語源・語彙,クイズ・ゲーム,笑い,中級,言語好き,断定型
29PFDiaygwY,料理のことばを語る回。カルパッチョの定義が意外すぎる。#350,2024-07-20T00:45:00Z,299366,4354,766,PT34M55S,語源・語彙,語源・語彙,驚き,中級,雑学好き,断定型
yIM6PazuLHo,このウミガメのスープには答えがない。一体どういうこと？#349,2024-07-16T09:45:04Z,216941,3832,264,PT25M40S,その他,その他,疑問,中級,言語好き,質問型
LHs90gDcLdo,方言によって母音の数が全然違うってマジ？【名古屋方言3】#348,2024-07-13T00:45:02Z,315257,5156,1171,PT45M31S,言語学,方言・地域語,疑問,中級,言語好き,質問型
E40WEvpNFLw,名古屋は、人工的に作られた。#347,2024-07-09T09:45:00Z,339131,4818,971,PT45M27S,歴史・文化,歴史・文化,知識欲,中級,一般,断定型
jDUH6DEl44E,名古屋は関東か関西か？ 方言調査で分かります。【名古屋方言1】#346,2024-07-06T00:45:04Z,266153,4281,902,PT27M44S,言語学,方言・地域語,疑問,中級,言語好き,質問型
ms1AF1S5tdA,謎の讃岐弁「こんきんかかん かかんきんこん」の正体は？#345,2024-07-02T09:45:02Z,211917,2864,425,PT38M14S,言語学,方言・地域語,疑問,中級,言語好き,謎解き型
yIhOL_Y5uLw,「竹冠にバナナ」ってどんな漢字？【おたよりを読む回】#344,2024-06-29T00:45:05Z,138256,2262,475,PT46M1S,文字・漢字,文字・漢字,疑問,中級,言語好き,質問型
3bA1CesZWes,明治維新で楽器オノマトペが消えた。何があった？#343,2024-06-25T09:45:00Z,135388,2583,929,PT34M7S,言語学,歴史・文化,疑問,中級,言語好き,質問型
y1DL8L7Qx-w,【サイバーセキュリティを忍者にたとえる】キショい奇書を持ち寄ろう！【キショ奇書自慢選手権2】#342,2024-06-22T00:45:07Z,156202,2547,159,PT42M25S,その他,その他,知識欲,中級,雑学好き,断定型
L1HwggDEPkQ,パリピ姉の結婚式に出た話。一番の見せ場は◯◯【雑談回】 #341,2024-06-18T09:45:01Z,323573,4180,255,PT57M1S,その他,雑談・ライブ,知識欲,初級,言語好き,雑談型
Zn9AVySCHOY,言語学的に正しい雑談の話題は◯◯#340,2024-06-15T00:45:04Z,467186,6072,673,PT29M30S,コミュニケーション,コミュニケーション,知識欲,初級,言語好き,解説型
YKTj06BWfYM,【寝落ち用】布団でダラダラ喋るラジオ#339,2024-06-11T09:45:02Z,490238,5668,461,PT2H24M26S,その他,雑談・ライブ,知識欲,初級,言語好き,雑談型
L-vvnSEzDPU,【デジタルきゅうり】子どもの驚きの間違いを集めました【ががががががいる】#338,2024-06-08T00:45:00Z,271748,3884,727,PT47M20S,心理学・認知,心理・認知,驚き,中級,言語好き,解説型
Ysf00T50Jj8,【ビッグバン】官能小説の巧みな比喩に大感動【なめくじ】#337,2024-06-04T09:45:01Z,262360,4815,537,PT58M59S,言語学,語源・語彙,知識欲,中級,言語好き,断定型
JhwoM3kwW6A,意味は、真理値を返す関数だった。【意味論勉強会】#336,2024-06-01T00:45:02Z,179111,3034,457,PT47M6S,言語学,意味・論理,知識欲,上級,言語好き,断定型
HWCDla2JPxc,オジサンの間違いを集めよう！！！【オマール海老とロブスターは別物】#335,2024-05-28T09:45:01Z,338918,4571,1019,PT48M33S,言語学,語源・語彙,知識欲,中級,言語好き,断定型
a0ianulNDBI,言葉のすれ違いで人が死んだ話。言語は不完全すぎる。#334,2024-05-25T00:57:10Z,469645,5287,935,PT46M38S,コミュニケーション,コミュニケーション,知識欲,中級,言語好き,断定型
3vr3mpwbEUY,直接言う東北、婉曲に言う関西。言語行動が違いすぎてビビる #333,2024-05-21T09:45:00Z,379915,6287,731,PT30M50S,言語学,語源・語彙,知識欲,中級,言語好き,断定型
Q_1IRN9usDU,「東北の人は失礼」ってホント？ データを元に分析した結果は…#332,2024-05-18T00:45:01Z,253930,5002,1009,PT25M59S,言語学,語源・語彙,疑問,中級,言語好き,質問型
BnCoih_mGfA,トイレがクサい。 #331,2024-05-14T09:45:00Z,298356,4557,800,PT1H8M46S,その他,その他,知識欲,中級,言語好き,断定型
4Q1CZr3rj-s,古今東西のおもしろ単語を集めました#330,2024-05-11T00:45:00Z,239535,3864,652,PT33M50S,語源・語彙,語源・語彙,笑い,中級,言語好き,解説型
k2wtazyfhHo,巷にあふれるウソ学説を語れ！謬説ナイト！【雪を表す語彙が400以上】#329,2024-05-07T09:45:02Z,359455,4729,364,PT52M31S,言語学,語源・語彙,知識欲,中級,言語好き,断定型
WY_WR0vopcg,【擬態語ミステリー】変な漢字 #328,2024-05-04T00:45:01Z,336746,4965,741,PT36M7S,文字・漢字,文字・漢字,知識欲,中級,言語好き,断定型
FwulW2x4xfc,レーダーに映らないステルス爆撃機が偶然できた。なぜ？【うんちくエウレーカクイズ_プルスウルトラ編】#327,2024-04-30T09:45:01Z,464521,5362,413,PT40M14S,科学・自然,クイズ・ゲーム,疑問,初級,雑学好き,クイズ型
3X6yIlmJv-k,明治時代の「わくわく」は「心が乱れる」だった。「めろめろ」は？#326,2024-04-27T00:45:00Z,140814,2356,361,PT33M59S,語源・語彙,歴史・文化,疑問,中級,言語好き,質問型
Y7TiZ55RZvw,【割り箸で家が埋まる】ポイ活男子の悲しみを語る【同じクレカが4枚ある】#325,2024-04-23T09:45:01Z,271504,3794,425,PT43M26S,その他,その他,知識欲,中級,言語好き,断定型
Gjt52U9vMs4,心は存在しない。【ビジュアルシンカー3】#324,2024-04-20T00:45:02Z,737952,11331,1681,PT1H19M,心理学・認知,心理・認知,知識欲,中級,言語好き,断定型
TUNrSUq1IYw,言語化に興奮するタイプの人間は、文章で惚れちゃう【ビジュアルシンカー2】#323,2024-04-16T09:45:02Z,385912,8763,1301,PT44M5S,心理学・認知,心理・認知,知識欲,中級,言語好き,断定型
5NJ_tKtvjCs,絵で物事を考える「視覚思考者」にはどんな世界が見えるのか？【ビジュアルシンカー1】#322,2024-04-13T00:45:00Z,814534,22757,6260,PT43M21S,心理学・認知,心理・認知,疑問,中級,言語好き,質問型
uwpjeZJCW3k,「富士山」がアイヌ語由来って本当？ ゴールデンカムイ監修者に真相を聞いてみた。#321,2024-04-09T09:45:01Z,180052,4448,364,PT44M39S,語源・語彙,語源・語彙,疑問,中級,言語好き,質問型
_TzfyORiLHM,父親をゲストに呼んで、思い出を語り尽くしました。#320,2024-04-06T00:45:01Z,307233,8494,614,PT50M6S,その他,その他,知識欲,中級,言語好き,断定型
9cQl9w084Vg,【名古屋弁講座】超便利な挨拶「ご無礼」の使い方は？ #3150,2024-04-01T09:45:00Z,173528,6824,989,PT18M47S,言語学,語源・語彙,疑問,中級,言語好き,質問型
0CdX3PIH7Kc,無礼な日本語について語る。「なるほど」の言い換えは何がベスト？【無礼語辞典】#319,2024-03-30T00:45:00Z,675502,9239,710,PT41M44S,コミュニケーション,コミュニケーション,実用,中級,言語好き,質問型
mP6CUPN67zs,語源オタクが高校時代に創った暗記法が独特すぎる【ターゲット1900⑨】#318,2024-03-26T09:45:03Z,142229,1998,290,PT46M55S,語源・語彙,語源・語彙,知識欲,中級,言語好き,断定型
XYxKhjPh138,ベタうんちくを早押しクイズにしてみた【早解きうんちくエウレーカクイズ】#317,2024-03-23T00:45:01Z,289706,3605,286,PT25M37S,その他,クイズ・ゲーム,知識欲,初級,雑学好き,クイズ型
yVV08GZ7sm0,『運動の神話』を読んだら、嫌いだった体育教師が好きになった。#316,2024-03-19T09:45:05Z,335339,4780,433,PT1H1M11S,科学・自然,科学・自然,知識欲,中級,一般,断定型
y6RE5Sylg4s,【3周年企画】ゆる言語学ラジオ最高の瞬間&最低の瞬間【ひどすぎる】#315,2024-03-16T00:45:03Z,290068,4128,228,PT1H7M29S,その他,その他,知識欲,中級,言語好き,断定型
MgvRb5R70VQ,儲け話は、方言を運ばない。商談で関西弁はうつらないらしい。【言語地理学4】#314,2024-03-12T09:45:02Z,188136,3052,293,PT36M44S,言語学,方言・地域語,知識欲,中級,言語好き,断定型
gkttdIRIJbM,山梨県だけ周囲と方言が異なる。その理由がエモすぎる…。【言語地理学3】#313,2024-03-09T00:45:02Z,384119,5486,595,PT25M12S,言語学,方言・地域語,知識欲,中級,言語好き,断定型
LxfVadD7WxU,じゃがいもの呼称、知らんヤツまみれで絶望【言語地理学2】#312,2024-03-05T09:45:01Z,166513,2740,286,PT37M,言語学,語源・語彙,知識欲,中級,言語好き,断定型
ceYj1Fa1t5A,方言はなぜ存在するのか？トウモロコシで謎を解く。【言語地理学1】#311,2024-03-02T00:45:01Z,493276,5815,570,PT41M1S,言語学,方言・地域語,疑問,中級,言語好き,謎解き型
ocIOoXuc0Cs,「神」に変わる褒め言葉。ラブホテル清掃員が生んだ新表現【おたより回】#310,2024-02-27T09:45:04Z,232147,3641,407,PT51M1S,語源・語彙,語源・語彙,知識欲,中級,言語好き,断定型
Q_fzi549krA,【実績2000本超】凄腕CMプランナーと広告コピーを読む回 #309,2024-02-24T00:45:02Z,108141,2573,182,PT45M40S,コミュニケーション,コミュニケーション,知識欲,中級,ビジネス層,断定型
SEAp77DqViM,古語を知るために、方言を知る。方言周圏論とオノマトペ #308,2024-02-20T09:45:01Z,122593,1964,417,PT37M19S,言語学,方言・地域語,知識欲,中級,言語好き,断定型
rJaADPtSgcE,方言オノマトペ研究は意外に役立つ。病院から製造業の現場まで。【方言オノマトペ1】#307,2024-02-17T00:45:03Z,108909,2173,359,PT37M27S,言語学,方言・地域語,知識欲,中級,言語好き,断定型
GTB5FzSLUio,【オルマンジョルマン】知らないオノマトペの意味を当てろ！【もゆらに】#306,2024-02-13T09:45:00Z,134494,1938,202,PT57M5S,言語学,音声・音韻,知識欲,中級,言語好き,断定型
r5qHw7kRyh0,ガチ統語論を楽しく解説。奥義「c-command」の威力とは？【ちょいガチ統語の解説】#305,2024-02-10T00:45:02Z,76655,1401,182,PT1H7M6S,言語学,語源・語彙,疑問,上級,言語好き,質問型
UkI4XeiNsAU,【ガチ】統語論の営みを概観する4時間半【樹形図まみれ】#304,2024-02-06T09:45:01Z,168728,2855,370,PT4H37M54S,言語学,語源・語彙,知識欲,上級,言語好き,断定型
wj4qW7OzyUw,エピソードを盛って話す遊びがエスカレートした結果…？#303,2024-02-03T00:45:03Z,149180,3473,259,PT45M3S,その他,その他,疑問,中級,言語好き,質問型
OzTm1x4NNoY,平安時代の犬は「びよ」と鳴いていた。鳴き声が激変した理由は…？【聞きなし2】#302,2024-01-30T09:45:01Z,177381,3057,270,PT34M56S,歴史・文化,歴史・文化,疑問,中級,一般,質問型
t4jeIxyKxZU,かわいい小鳥「鵺」は、なぜ怪物に変わった？文学研究で分かった驚きの経緯【聞きなし1】#301,2024-01-27T00:45:04Z,136876,2951,269,PT33M20S,歴史・文化,歴史・文化,驚き,中級,一般,質問型
UlRaIiBS0pk,泣き方の歴史。源氏物語から野々村竜太郎まで。#300,2024-01-23T09:45:01Z,191095,3501,276,PT39M10S,歴史・文化,歴史・文化,知識欲,中級,一般,断定型
WBecfAcYiO8,プロの選書家が、オススメ本をウミガメのスープに仕立てました#299,2024-01-20T02:37:17Z,530989,6337,311,PT1H4M3S,その他,その他,知識欲,中級,言語好き,断定型
-n6nZTyL82U,【28秒で足を切断】おたよりを読む回で、トンデモ医療うんちくが飛び交った【抜歯中に金を盗む】#298,2024-01-16T09:45:00Z,249634,3377,334,PT54M25S,科学・自然,科学・自然,知識欲,中級,雑学好き,断定型
1tsS-A_g0As,まるで詩のような科学本『クジラと話す方法』が最高。2年後にはクジラ語のチャットボットが生まれるかも。#297,2024-01-13T00:45:01Z,85487,1868,99,PT40M22S,科学・自然,科学・自然,知識欲,中級,一般,断定型
QCDdVmqwZME,あらゆる悩みがコーパスで解決します。【コーパス雑談回】#296,2024-01-09T09:45:03Z,133088,2318,240,PT55M59S,言語学,雑談・ライブ,知識欲,初級,言語好き,雑談型
_CJf4iJmhAk,日常会話で「うん」は最大何連続するのか？データに基づいて答えを出す。【コーパス3】#295,2024-01-06T00:45:01Z,265726,4210,342,PT59M24S,言語学,語源・語彙,疑問,中級,言語好き,質問型
k2UwwyyGxZ8,【650億文字を数えた】コーパス作りの過酷さを、制作者自身が語る【コーパス2】#294,2024-01-02T09:45:02Z,144723,2498,146,PT1H39S,言語学,語源・語彙,知識欲,中級,言語好き,断定型
60SQzKRdPDI,データを分析し、言語を理解する。言語学版『ファクトフルネス』の世界【コーパス1】#293,2023-12-30T00:45:00Z,220583,3384,297,PT51M41S,言語学,語源・語彙,知識欲,中級,言語好き,解説型
Zk0ZFH57aqo,【平賀源内のBL同人誌】新進気鋭の小説家が、江戸文芸をポップに教えてくれた【江戸時代の携帯小説】#292,2023-12-26T09:45:02Z,150003,3382,283,PT1H10M31S,歴史・文化,歴史・文化,知識欲,中級,一般,解説型
1gDFJH7W1Gw,第1回ゆる学徒フェス【パーソナリティが入り乱れる10時間半】,2023-12-23T13:41:41Z,171306,2553,113,PT10H44M8S,その他,その他,知識欲,中級,言語好き,断定型
nUWj9ysMhsg,【居候が増殖】旧スタジオのラスト収録なので、思い出を語る【引っ越しの苦悩】#291,2023-12-19T09:45:04Z,184895,3270,248,PT58M43S,その他,その他,知識欲,中級,言語好き,断定型
qa4P4phsEpM,航空機は空母に着陸する直前、エンジン出力を上げる。着陸するのになぜ？【うんちくエウレーカクイズ 乗り物編】#290,2023-12-16T00:45:02Z,415537,5132,492,PT48M31S,科学・自然,クイズ・ゲーム,疑問,初級,雑学好き,クイズ型
uad1xPgyX4E,言語学者が統計的にラップを分析したら、衝撃の事実が発覚…！？#289,2023-12-12T09:45:04Z,226554,5721,323,PT47M22S,言語学,語源・語彙,驚き,中級,雑学好き,質問型
R5YRACWBEGM,さよなら、オノマトペ。人はなぜオノマトペから離れ、一般語を学ぶのか？【オノマトペ5】#288,2023-12-09T00:45:00Z,186020,2865,317,PT1H9M10S,言語学,音声・音韻,疑問,中級,言語好き,質問型
fRl6Jw5FWwY,オノマトペは言語の◯◯。すべての伏線を回収する結論とは？【オノマトペ4】#287,2023-12-05T09:45:01Z,140517,2467,219,PT50M9S,言語学,音声・音韻,疑問,中級,言語好き,質問型
B73sEyA0wbs,日本語の歴史が生んだ奇跡。「パリパリ」がオノマトペだと断定できるのはなぜ？【オノマトペ3】#286,2023-12-02T00:45:00Z,386483,4257,440,PT55M59S,言語学,歴史・文化,疑問,中級,言語好き,質問型
pWxaHAbAeNg,オノマトペの挙動がバグってると思ったら、説明できる統一理論があった【オノマトペ2】#285,2023-11-28T09:45:03Z,170071,3231,416,PT41M37S,言語学,音声・音韻,知識欲,中級,言語好き,断定型
UEqj3RRUlDA,「パラッ」と「パラリ」はどう違う？オノマトペを部品で分析する【オノマトペ1】#284,2023-11-25T00:45:00Z,187575,3482,340,PT34M55S,言語学,音声・音韻,疑問,中級,言語好き,質問型
ib7dYbzno2s,超おもしろいのに入手困難な本を復活させよう！好きな本ラザロ！#283,2023-11-21T09:45:05Z,173945,2646,148,PT58M45S,その他,その他,笑い,中級,言語好き,断定型
yGbjdK4GmnU,牛の性別にはオス・メス・去勢・フリーマーチンの4つがある。フリーマーチンって何？【うんちくエウレーカクイズ 生き物編】#282,2023-11-18T00:45:04Z,390937,4429,256,PT45M56S,科学・自然,クイズ・ゲーム,疑問,初級,雑学好き,クイズ型
6Cy30caV9Wg,『すずめの戸締まり』は認知科学の映画。椅子を使った実験が元ネタ。【雑談回】#281,2023-11-14T09:45:00Z,200237,2595,228,PT1H13M24S,心理学・認知,雑談・ライブ,知識欲,初級,言語好き,雑談型
gTyISMxlnec,不規則動詞はなぜ存在するのか？【カタルシス英文法_不規則動詞】#280,2023-11-11T00:45:02Z,125610,2343,308,PT39M16S,言語学,日本語文法,疑問,中級,言語好き,質問型
6l3R5_V3xGg,マンガ『税金で買った本』を図書館学で考察した【元ネタはPalmer】#279,2023-11-07T09:45:00Z,105355,2224,195,PT55M5S,社会・時事,コミュニケーション,知識欲,中級,一般,断定型
i3I8hbNMjwg,子どもはなぜ「き」を「ち」にする？ 音声学者と子どもの間違いを楽しむ回 #278,2023-11-04T00:45:01Z,130821,2715,441,PT47M32S,言語学,音声・音韻,疑問,中級,言語好き,質問型
nQzKZ6VidAg,【学部3年でスカウトされた】一流研究者のヤバいエピソードにビビる回#277,2023-10-31T09:45:02Z,101688,2162,230,PT56M30S,その他,その他,知識欲,中級,言語好き,断定型
q5X-wVMQjFk,「最適性理論」は、麻布高校の校則に似ている【ちょいガチ言語学の翻訳】#276,2023-10-28T00:45:02Z,203965,2530,411,PT1H8M38S,言語学,語源・語彙,知識欲,上級,言語好き,断定型
EsyYaoSHXvQ,【3時間で全部学ぶ】音韻論の基礎から最適性理論まで【ちょいガチ言語学ラジオ】#275,2023-10-24T09:45:00Z,1262732,8160,800,PT3H9M51S,言語学,音声・音韻,知識欲,上級,言語好き,断定型
9wkB39DIJWc,芸術偏差値43コンビによる、あいまい美術講座【ベルト・モリゾって誰？】#274,2023-10-21T00:45:00Z,110381,2131,224,PT47M20S,歴史・文化,歴史・文化,疑問,中級,一般,質問型
nFM8hV6Obec,クイズ王なら、成立してないウミガメのスープでも5分で解けるのか！？【カプリティオコラボ3】#273,2023-10-17T09:45:02Z,265224,3921,236,PT32M56S,その他,クイズ・ゲーム,疑問,初級,言語好き,クイズ型
6dr5zU5HA-A,クイズ王が作ったうんちくエウレーカウミガメのスープ【カプリティオコラボ2】＃272,2023-10-14T00:45:00Z,244485,3969,256,PT30M59S,その他,クイズ・ゲーム,知識欲,初級,雑学好き,クイズ型
8FGSo_xO1Ks,【タカは怖いがトンビは平気】動物言語学者あるあるが狭すぎるwww#271,2023-10-10T09:45:00Z,398890,7126,308,PT1H47S,言語学,語源・語彙,共感,中級,言語好き,断定型
r7_XktQ-dUU,クイズ王集団と、語彙が難解すぎるクイズで対決！【カプリティオコラボ1】#270,2023-10-07T00:45:05Z,212079,4266,321,PT34M49S,その他,クイズ・ゲーム,知識欲,初級,言語好き,クイズ型
abZ0KF-xSvs,新ゲーム「強引なぞかけ」で遊んだら、小野妹子が毒人間になった【雑談回】#269,2023-10-03T09:45:00Z,209614,3078,305,PT1H25S,その他,雑談・ライブ,知識欲,初級,言語好き,雑談型
iSi-SHnRJzM,緻密に設計された人工言語の文法は、あまりにも美しい【エスペラントの文法】#268,2023-09-30T00:45:03Z,227768,3508,504,PT55M48S,言語学,日本語文法,知識欲,中級,言語好き,断定型
2PGp236lFpU,エスペラントは苦境だらけ。なぜ、世界中に広がったのか？【エスペラント2】#267,2023-09-26T09:45:00Z,219311,3447,350,PT54M50S,言語学,語源・語彙,疑問,中級,言語好き,質問型
Mmnv97R91Ns,世界平和のために言語を作った男の物語【エスペラント1】#266,2023-09-23T00:45:02Z,341040,5365,469,PT34M2S,歴史・文化,歴史・文化,知識欲,中級,一般,断定型
RtkggS3g5Mw,【酒飲んで骨折】失敗を乗り越えながら、言語学者がたどり着いた人生訓 #265,2023-09-19T09:45:01Z,63622,1378,95,PT36M46S,その他,その他,知識欲,中級,言語好き,断定型
SNb5iQB4WIc,言語学者の失敗談を聞く。好奇心で人を傷つけてしまった原体験について。#264,2023-09-16T00:45:01Z,93448,1860,91,PT37M51S,その他,その他,知識欲,中級,言語好き,解説型
wnC5-HDO5SY,言語学者と広告コピーを読んだら、意外な分析の嵐だった。#263,2023-09-12T09:45:06Z,219865,3058,427,PT1H7M22S,言語学,語源・語彙,知識欲,中級,ビジネス層,断定型
51oNvrijOKI,利用価値のない0ルピー紙幣、なぜ発行された？【うんちくエウレーカクイズ】#262,2023-09-09T00:45:01Z,697107,5913,393,PT1H13M15S,社会・時事,クイズ・ゲーム,疑問,初級,雑学好き,クイズ型
mf_5q6AjlCs,日本語学者は「バズる」を見ると、悠久の歴史を感じる【カタルシス古典文法】#261,2023-09-05T09:45:02Z,72370,1441,263,PT51M29S,言語学,日本語文法,知識欲,中級,ビジネス層,断定型
qcceIZPosSo,「たり」も「けり」も懐古厨。どんどん過去にシフトしていく。【カタルシス古典文法】#260,2023-09-02T00:45:01Z,68372,1187,100,PT41M4S,言語学,日本語文法,知識欲,中級,言語好き,断定型
W234JLB3t8w,丸暗記した古文の知識、整理すると気持ちいい【カタルシス古典文法】＃259,2023-08-29T09:45:04Z,120977,2423,225,PT38M21S,言語学,日本語文法,知識欲,中級,言語好き,断定型
W9I3nfqGlVo,温泉旅館で酔っ払った3人が理屈っぽい話を1時間20分喋るよ【ムキムキ周圏論】#258,2023-08-26T00:45:02Z,225355,3215,525,PT1H17M36S,その他,雑談・ライブ,知識欲,中級,言語好き,雑談型
jdyR8n4jYsI,一流読書人っぽい言動をしたい！！！！！！！！！！！！！！#257,2023-08-22T09:45:02Z,138846,2284,184,PT56M29S,その他,読書・学習,驚き,中級,読書好き,断定型
QJYwzzyRMOk,AIとゆる言語学ラジオ、選書が上手いのはどっち？#256,2023-08-19T00:45:00Z,158275,2532,154,PT48M14S,社会・時事,コミュニケーション,疑問,中級,言語好き,質問型
OiLHkC3PFuk,クイズみたいな季語を集めて出題してみました【歳時記3】#255,2023-08-15T09:45:01Z,114245,1965,239,PT42M40S,言語学,クイズ・ゲーム,知識欲,初級,言語好き,クイズ型
QxZWJJFpL9c,歳時記を読んだだけの素人が俳句を詠むと…？【歳時記2】#254,2023-08-12T00:45:01Z,105745,1983,329,PT36M5S,言語学,語源・語彙,疑問,中級,言語好き,質問型
CI554nDXSbE,俳句は一切詠まないのに、季語が収録された辞典を通読しました【歳時記1】#253,2023-08-08T09:45:02Z,174096,2854,360,PT49M32S,言語学,語源・語彙,知識欲,中級,言語好き,断定型
6DRI5Ki71WM,【永久保存版】シジュウカラ語を一撃で理解できる最強の動画#252,2023-08-05T00:45:00Z,379081,9440,549,PT58M38S,科学・自然,科学・自然,知識欲,中級,一般,断定型
68Lqr6Wiw9Q,言語オタクなら、ノー勉で日本語検定1級合格できるのか？ #251,2023-08-01T09:45:00Z,384009,5240,407,PT45M,言語学,語源・語彙,疑問,中級,言語好き,質問型
Y_J6Nk-62Ik,【20万人記念！】カルトクイズを解きながら裏話を語るライブ配信【with 切り抜きチャンネル管理人】,2023-07-30T13:09:16Z,190120,1726,55,PT2H24M9S,その他,雑談・ライブ,知識欲,初級,言語好き,ライブ型
LDuN7Ilon8Y,東北方言「たった」の挙動を見れば、「た」の謎が解ける【「た」と東北方言】#250,2023-07-29T00:45:01Z,116863,1959,258,PT1H8M30S,言語学,方言・地域語,知識欲,中級,言語好き,謎解き型
jAivL3t3FeM,日本語文法の研究者が、「た」をジョジョにたとえて教えてくれた【「た」と東北方言】#249,2023-07-25T09:45:02Z,161546,2664,227,PT55M18S,言語学,方言・地域語,知識欲,中級,言語好き,解説型
xDg-2u1njFI,『クリシェ言いまくる奴』ゆる言語学ラジオのネタのタネ【OTAYORITOWER】#248,2023-07-22T00:45:03Z,219572,3650,270,PT43M10S,その他,その他,知識欲,中級,言語好き,断定型
ZA2gRo3F7pM,英単語帳の語源を全部知るために、研究者を呼びました【ターゲット1900 with 堀田先生】#247,2023-07-18T09:45:01Z,247649,4952,331,PT56M54S,語源・語彙,語源・語彙,知識欲,中級,言語好き,断定型
zC9hUWWjntE,世界的に大注目の「動物言語学者」登場。鳥の言葉が分かるらしい。#246,2023-07-15T00:45:03Z,370052,7318,478,PT55M19S,科学・自然,科学・自然,知識欲,中級,言語好き,断定型
wAP21ajkbyA,ビリヤードの先端が、純金より高価ってどういうこと？【うんちくエウレーカクイズ】#245,2023-07-11T09:45:01Z,441597,4095,285,PT54M3S,科学・自然,クイズ・ゲーム,疑問,初級,雑学好き,クイズ型
CvIkjUukQT8,【男の離婚術・農家の相続税・入院児の遊び】知らない世界の知らない本がおもしろすぎる【バリューブックス散歩】#244,2023-07-08T00:45:01Z,144724,2246,189,PT55M4S,その他,その他,笑い,中級,言語好き,断定型
xwY27pnlXG0,【同じ辞書が34冊ある】辞書部屋でニッチなあるあるを聞きまくる回【2冊同時に読む】#243,2023-07-04T09:45:03Z,143256,2938,187,PT51M44S,その他,読書・学習,共感,中級,読書好き,断定型
fjmidq9uV3w,閉店後の紀伊國屋書店を歩き回る。衝撃のラストを見逃すな。【紀伊國屋書店コラボ】#242,2023-07-01T00:45:01Z,131586,2472,278,PT44M41S,その他,その他,驚き,中級,雑学好き,断定型
46t6k0_slSU,「させていただく」はどこから来たのか、「させていただく」は何者か、「させていただく」はどこへ行くのか【させていただく5】#241,2023-06-27T09:45:00Z,180285,2979,300,PT1H7M13S,言語学,語源・語彙,知識欲,中級,言語好き,断定型
WYkXGEb-8og,「させていただく」は今後どうなる？多分、もっとメタボになる。【させていただく4】#240,2023-06-24T00:45:01Z,168672,2849,504,PT33M52S,言語学,語源・語彙,疑問,中級,言語好き,質問型
qCsKE3JBo3Y,「させていただく」は日本語話者を救うヒーロー。なのにボロクソ言われている。【させていただく3】#239,2023-06-20T09:45:03Z,286157,4596,729,PT49M48S,言語学,語源・語彙,知識欲,中級,言語好き,断定型
oBA-zhIsF9Y,敬語はなぜ難しいのか？【させていただく2】#238,2023-06-17T00:45:02Z,313704,5143,582,PT30M59S,言語学,語源・語彙,疑問,中級,言語好き,質問型
Y-g5cxcjsU4,100年ずっと嫌われている「させていただく」。今も使われるのはなぜ？#237,2023-06-13T09:45:04Z,773296,12088,1212,PT37M42S,言語学,語源・語彙,疑問,中級,言語好き,質問型
67x291qibT8,巨大倉庫から奇書を探し出せ！キショ奇書インディ・ジョーンズ【in バリューブックス】#236,2023-06-10T00:45:00Z,155422,2725,261,PT58M32S,その他,その他,知識欲,中級,雑学好き,断定型
rBK_3kz6AXw,100万冊の本がランダムに並ぶ倉庫。見学したら脳がバグった【バリューブックス見学】#235,2023-06-06T09:45:01Z,258083,4604,359,PT1H2M24S,その他,その他,知識欲,中級,言語好き,断定型
dum84ik0Ees,【ちゃんと読むとは言ってない】言語沼オーディオブック収録ライブ,2023-06-03T13:29:27Z,116437,1195,87,PT2H18M2S,その他,雑談・ライブ,知識欲,初級,言語好き,ライブ型
g720dN09fzA,英語史の専門家と辞書を読んだらすべての疑問が一瞬で解決した#234,2023-05-30T09:45:02Z,178194,3272,264,PT38M,言語学,読書・学習,知識欲,中級,読書好き,断定型
bp6GOWvn6fo,バキのレトリックを思い切り語る回【達人は保護されているッッッ】#233,2023-05-27T00:45:02Z,282985,3712,321,PT48M21S,言語学,語源・語彙,知識欲,中級,言語好き,断定型
YK3ZPe8maKU,周囲のヤバい人について語る。柿の種を丸呑みする人とか、超敏腕CFOとか。【雑談回】#232,2023-05-23T09:45:02Z,240637,3323,235,PT48M,その他,雑談・ライブ,知識欲,初級,言語好き,雑談型
_TZjEBosTD8,日常の全てがゾミアに見える。派閥に属さない会社員も、あのSFも。【ゾミア3】#231,2023-05-20T00:45:01Z,236781,4642,425,PT1H4M17S,歴史・文化,歴史・文化,知識欲,中級,一般,断定型
00nT4vH4B98,日本語の誇張表現「泣きすぎて枕が浮く」,2023-05-16T23:00:00Z,94596,2020,62,PT49S,言語学,語源・語彙,知識欲,中級,言語好き,断定型
uBQmbyc2Jv4,山の民はなぜ自らを野蛮化するのか？【ゾミア2】#230,2023-05-16T09:45:04Z,246536,4226,384,PT35M1S,歴史・文化,歴史・文化,疑問,中級,一般,質問型
qHLU49TApZM,「国民を上手に搾取する方法」が学べる本。作らせるべき穀物は○○【ゾミア1】#229,2023-05-13T00:45:03Z,322984,5533,188,PT32M31S,社会・時事,コミュニケーション,知識欲,中級,一般,断定型
yCxmgySRS20,英語史の専門家がthroughの綴りを数えたら515通りあった話【喜怒哀楽単語2】#228,2023-05-09T09:45:03Z,155188,2703,383,PT54M24S,言語学,語源・語彙,知識欲,中級,言語好き,断定型
AcX7J0LZM54,歴史言語学者が語源について語ったら、喜怒哀楽が爆発した【喜怒哀楽単語1】#227,2023-05-06T00:45:00Z,168455,2965,371,PT45M11S,語源・語彙,歴史・文化,知識欲,上級,言語好き,解説型
-UD6YMkMVf0,カヌレ誕生の理由が意外すぎるし、ポテチも意外。あとタルト・タタンも。【うんちくエウレーカクイズ飲み物】#226,2023-05-02T09:45:00Z,380045,3518,307,PT50M45S,歴史・文化,クイズ・ゲーム,驚き,初級,雑学好き,クイズ型
4vA_5_f-GxI,言語オタクがあいみょんの歌詞を分析すると…？【あいみょん】#225,2023-04-29T00:45:00Z,99466,1817,284,PT59M34S,言語学,語源・語彙,疑問,中級,言語好き,質問型
pkIPFcjWtWc,異色の言語学者、登場。大学をやめて独立研究者になるってどういうこと？【ムラブリ3】#224,2023-04-25T09:45:02Z,145049,3158,235,PT59M10S,その他,その他,疑問,中級,言語好き,質問型
Zbw1z6Go0Kw,【壊れた腕時計を装着】文字も暦も持たない狩猟採集民の独特すぎる文化とは？【ムラブリ2】#223,2023-04-22T00:45:01Z,127229,2151,153,PT34M31S,歴史・文化,歴史・文化,疑問,中級,一般,質問型
dIpXe4C_tSk,「目に入れても痛くない」言い過ぎでは？,2023-04-21T09:00:21Z,126841,2372,72,PT44S,語源・語彙,語源・語彙,疑問,中級,言語好き,質問型
ZGGqLx3mC1w,「ghoti」と書いて何と読む？,2023-04-18T10:00:31Z,205079,3773,59,PT47S,言語学,語源・語彙,疑問,中級,言語好き,質問型
YJwxvV4s7Zg,フィールドワークで価値観が変わりすぎて雑草を食べ始めた言語学者【ムラブリ1】#222,2023-04-18T09:45:03Z,187778,3012,355,PT33M26S,歴史・文化,歴史・文化,知識欲,中級,言語好き,断定型
78E_YeRiTGI,広告コピーを楽しみ尽くす回。クイズにしたり、解釈割れを楽しんだり。【公開収録】#221,2023-04-15T00:45:00Z,208196,2839,368,PT56M14S,コミュニケーション,クイズ・ゲーム,知識欲,初級,ビジネス層,クイズ型
tJlfBVDc28U,初対面の人とする薄い話は「プロトコル的会話」。一発ギャグをする人は「飲み会映え」【ミーム提案委員会3】#220,2023-04-11T01:00:18Z,156101,2571,368,PT1H21S,コミュニケーション,コミュニケーション,知識欲,中級,言語好き,断定型
RrHW94gVWeQ,お金に細かい人に使えるインテリ悪口「有財餓鬼」,2023-04-10T09:00:25Z,169381,4694,43,PT54S,語源・語彙,語源・語彙,笑い,中級,言語好き,断定型
-bTGiASp3zc,すべての誤植を直して、『言語沼』が発売開始！誤植発覚の裏話と、これからのこと。【言語沼】#219,2023-04-08T00:45:01Z,125762,2292,230,PT43M49S,その他,その他,知識欲,中級,言語好き,断定型
VBIV5Ogyv5M,他人のチャンネルはムチャクチャにしたほうがいい【コラボの感想】#218,2023-04-04T09:45:01Z,174827,3544,264,PT54M58S,その他,その他,知識欲,中級,言語好き,断定型
Dxzv6sIem3s,多量の水を飲むと、ウソが上手くなる。実験で確かめられた衝撃の事実。#217,2023-04-01T00:45:00Z,174129,4117,452,PT32M23S,心理学・認知,心理・認知,驚き,中級,雑学好き,断定型
PqehQn19gpM,「ゆる学徒カフェ」を開業します。年末に宣言した夢を叶えたよ！#216,2023-03-29T09:45:02Z,80067,1770,141,PT46M36S,その他,その他,知識欲,中級,言語好き,断定型
jBm1qLJ0z5M,ゆる言語学ラジオとは何であり、何ではないのか【雑談回】#215,2023-03-28T09:45:03Z,166724,2714,294,PT1H2M36S,その他,雑談・ライブ,知識欲,初級,言語好き,雑談型
MP4j-hA8e-U,音の周期表「国際音声字母」の楽しみ方。音はすごい。【リメイク3】#214,2023-03-25T00:45:01Z,130290,2615,339,PT51M8S,言語学,音声・音韻,知識欲,中級,言語好き,断定型
7KrvOHH185A,文法はiPhoneを超える大発明。文法に毎日お礼を言おう【リメイク2】#213,2023-03-21T09:45:00Z,137446,2099,251,PT59M26S,言語学,日本語文法,知識欲,中級,言語好き,断定型
-6gc2s1sjRs,この名詞どう数える？【タンス・ようかん・カステラ】,2023-03-19T08:00:00Z,75796,1784,16,PT59S,言語学,語源・語彙,疑問,中級,言語好き,質問型
wXfvmSA94NQ,単語はすごい【リメイク1】#212,2023-03-18T00:45:04Z,179698,3015,325,PT50M54S,言語学,語源・語彙,知識欲,中級,言語好き,断定型
93_Z-bJZ130,ひよことうんこの共通点は？,2023-03-16T09:00:07Z,110681,2356,64,PT56S,語源・語彙,語源・語彙,疑問,中級,言語好き,質問型
h-YQwsezBnY,友だちに「人である意味がなくない？」と言われた【雑談回】#211,2023-03-14T09:45:04Z,437430,6208,486,PT50M21S,その他,雑談・ライブ,疑問,初級,言語好き,雑談型
sCXEHbKF4ms,『美味しんぼ』の食レポをパクりながら、日本酒広告案件をやる【雑談回】#210,2023-03-11T01:45:01Z,145671,2308,234,PT58M16S,その他,雑談・ライブ,知識欲,初級,ビジネス層,雑談型
XBQswMNTud0,関連語が多すぎて語源オタクが死ぬ単語「view」【ターゲット1900⑦】#209,2023-03-07T09:45:02Z,176028,2106,248,PT55M34S,語源・語彙,語源・語彙,知識欲,中級,言語好き,断定型
fhEK3dRolvg,うんちくで脱線し続けるウミガメのスープ【うんちくエウレーカウミガメのスープ】#208,2023-03-04T00:45:02Z,614921,5009,419,PT1H12M32S,その他,クイズ・ゲーム,知識欲,中級,雑学好き,クイズ型
YoOZWVUtxVc,『レトリック事典』を読んでレトリック罵倒をし合う回【レトリック事典】#207,2023-02-28T09:45:03Z,269815,4019,325,PT1H12M42S,言語学,語源・語彙,知識欲,中級,言語好き,断定型
XXnUxa-9oX0,味の本質は味覚ではなく○○。言語が先取りしていた認知科学の結論。【食レポ5】#206,2023-02-25T00:45:01Z,150255,2818,340,PT55M33S,心理学・認知,心理・認知,知識欲,中級,言語好き,断定型
jh1NZFTRw_M,ソムリエもワインを着色されると判断を間違う。純粋な味覚は存在しない。【食レポ4】#205,2023-02-21T09:45:01Z,124415,2077,272,PT45M56S,心理学・認知,心理・認知,知識欲,中級,言語好き,断定型
xAGpNrWDwc4,食レポ上達の極意は、共感覚的な表現を使うこと【食レポ3】#204,2023-02-18T00:45:02Z,104992,1849,321,PT46M22S,言語学,語源・語彙,知識欲,中級,言語好き,断定型
X8LylgC6bdE,言語学者も注目する『美味しんぼ』の食レポ。何がすごい？【食レポ2】#203,2023-02-14T09:45:02Z,166871,2556,404,PT56M30S,言語学,語源・語彙,疑問,中級,言語好き,質問型
hADC7RolFh8,言語学から考える食レポ。なぜソムリエは謎の語彙を使うのか？【食レポ1】#202,2023-02-11T01:45:01Z,149911,2662,365,PT43M17S,言語学,語源・語彙,疑問,中級,言語好き,謎解き型
coIC2RBDPJ0,寒空の下、12袋のゴミを抱えて途方に暮れた思い出【大忘年会振り返り】#201,2023-02-07T09:45:02Z,80440,1372,108,PT52M1S,その他,その他,知識欲,中級,言語好き,断定型
s7I16xFt3vs,石ころは「石+ころ」ではないし、キツツキは木突きではない【直観裏切り語源クイズ】#200,2023-02-04T00:45:01Z,596161,6497,438,PT1H55S,語源・語彙,クイズ・ゲーム,知識欲,初級,言語好き,クイズ型
4EX6b97xcLk,小林・益川理論は腐女子の妄想と同じ？偉大な科学者と腐女子の共通点について【雑談回】#199,2023-01-31T09:45:00Z,439405,6839,799,PT1H31M29S,科学・自然,雑談・ライブ,疑問,初級,一般,雑談型
vdu2aQ5m7Fo,孤独で地道な辞書編纂の物語を知ると、凡庸な格言で感動できる【辞書物語-日国3】#198,2023-01-28T00:45:01Z,137798,2299,188,PT1H6M21S,言語学,読書・学習,知識欲,中級,読書好き,断定型
5vksAhPtvLU,ゼロベースで辞書を作る途方もない物語。まず何をすればいい？【辞書物語-日国2】#197,2023-01-24T09:45:00Z,153734,2158,131,PT46M51S,言語学,読書・学習,疑問,中級,読書好き,質問型
m7kZyqgbH7Y,【書籍発売ライブ改め】2022年流行語大賞決定&2022年の振り返りライブ,2023-01-21T15:38:57Z,551463,2064,77,PT3H43M3S,その他,雑談・ライブ,知識欲,初級,言語好き,ライブ型
f2caLI2euKs,親子3代がバトンを渡し続けて完成した、日本最大の辞書【辞書物語-日国1】#196,2023-01-21T00:45:01Z,113428,2323,166,PT34M29S,言語学,読書・学習,知識欲,中級,読書好き,断定型
CCk0RfL9a1U,理屈っぽいYouTuber4人で沖縄に行きました。【インプット奴隷合宿in沖縄】#195,2023-01-17T09:45:01Z,231619,4287,630,PT1H35M40S,その他,その他,知識欲,中級,言語好き,断定型
45YPaKkXS6A,フランスかぶれ・悪筆・懐古厨。綴りの変遷理由が意外すぎる。【発音2】#194,2023-01-14T00:45:00Z,195981,3410,408,PT57M22S,言語学,音声・音韻,驚き,中級,雑学好き,断定型
iD3VJeu2Roo,ghotiと書いてフィッシュと読む？英語学ジョークを徹底解剖【発音1】 #193,2023-01-10T09:45:01Z,214365,3735,668,PT28M44S,言語学,音声・音韻,疑問,中級,言語好き,質問型
YN9cCYdDo7Q,無声映画から音声映画への移行で発生した深刻な悩みとは？【うんちくエウレーカクイズ】#192,2023-01-07T00:45:02Z,511772,4439,372,PT1H3M48S,歴史・文化,クイズ・ゲーム,疑問,初級,雑学好き,クイズ型
hNULhZPWmD8,認知心理学者が語る、言語を習得する鍵は「アブダクション」#191,2023-01-03T09:45:01Z,429818,6070,582,PT1H19M24S,心理学・認知,心理・認知,知識欲,中級,言語好き,断定型
K5wXfr1SU4U,【著書について緊急報告2】『言語沼』を再度、発売延期にしました。たいへん申し訳ございません。,2023-01-02T06:36:57Z,86844,2257,339,PT18M47S,その他,その他,知識欲,中級,言語好き,解説型
GO-v6xLxonk,年末だから、夢を語っても許されるよね？【雑談回】#190,2022-12-31T00:45:00Z,130408,2492,285,PT1H12M30S,その他,雑談・ライブ,疑問,初級,言語好き,雑談型
1dY8Uy7YB9s,熊本の方言「しこった」は下ネタじゃない【ベスト方言グランプリ3】#189,2022-12-27T09:45:00Z,90709,1691,354,PT50M8S,言語学,方言・地域語,実用,中級,言語好き,断定型
6mZWR7GV0is,宇宙人は手話で会話をしているかもしれない【手話2】#188,2022-12-24T00:45:00Z,104143,2385,395,PT53M42S,言語学,方言・地域語,知識欲,中級,言語好き,断定型
q2cIYSTbULY,【緊急報告】『言語沼』の大量の誤字について。たいへん申し訳ありません。,2022-12-22T18:14:56Z,131867,3494,636,PT8M26S,その他,その他,共感,中級,言語好き,解説型
L8JOs6BM94k,手話に対する間違ったイメージを一新する【手話1】#187,2022-12-20T09:45:00Z,137328,2841,308,PT34M27S,言語学,方言・地域語,知識欲,中級,言語好き,断定型
xaDxvchr78s,DeepL翻訳が出した存在しない四字熟語「別日同腹」が怖すぎる【おたよりを読む回】#186,2022-12-17T00:45:02Z,315729,4590,581,PT54M30S,言語学,語源・語彙,知識欲,中級,言語好き,断定型
pUiOJFc19pg,【ゲーム実況④】記述言語学者と未知の言語解読ゲーム【7days to end with you】#185,2022-12-13T09:45:03Z,168271,2948,284,PT1H18M38S,その他,その他,知識欲,上級,言語好き,断定型
malHm23v-Y4,語源オタクが最も感動したエモい語源「opportunity」【ターゲット1900⑥】#184,2022-12-10T00:45:03Z,160492,2885,408,PT45M29S,語源・語彙,語源・語彙,知識欲,中級,言語好き,断定型
54Vus2GKqSQ,ゆる言語学ラジオ のライブ配信,2022-12-08T08:57:13Z,0,0,0,P0D,その他,雑談・ライブ,知識欲,初級,言語好き,ライブ型
Ohoo0cjmAUI,90分ひたすら辞書を読んで盛り上がる回 #183,2022-12-06T09:45:00Z,201497,2888,512,PT1H24M3S,その他,読書・学習,知識欲,中級,読書好き,断定型
qY2RrfwTqXg,【言語沼】ゆる言語学ラジオの本が出ました！【執筆裏話】#182,2022-12-03T00:45:01Z,106436,2177,255,PT1H3M45S,その他,その他,知識欲,中級,言語好き,断定型
9NZPwACPpbQ,言語学者がオシャレな論文名を全力で紹介【薄幸のベネファクティブ】#181,2022-11-29T09:45:00Z,260962,5755,589,PT59M28S,言語学,語源・語彙,知識欲,中級,言語好き,断定型
tvqAcsay9qA,【ウビフ語】言語学者の間で有名な言語10選【ホピ語】#180,2022-11-26T00:45:04Z,322893,4572,458,PT52M38S,言語学,語源・語彙,知識欲,中級,言語好き,断定型
QYJgtpVVu-I,【飢餓・マラリア・ロケット弾】凄腕作家の危険すぎる語学体験【高野秀行さんゲスト雑談】#179,2022-11-22T09:45:02Z,188571,3670,248,PT1H10M8S,言語学,雑談・ライブ,知識欲,初級,言語好き,断定型
_Mis8HokuhQ,記述言語学者が語る、世界で日本語にしかない特徴は？【記述言語学者から見た言語2】#178,2022-11-19T00:45:03Z,1007403,12115,1319,PT45M20S,言語学,語源・語彙,疑問,上級,言語好き,質問型
IR0iK5D1xlE,韓国語は日本語のパラレルワールド？【記述言語学者から見た言語1】#177,2022-11-15T09:45:02Z,435407,9026,895,PT40M23S,言語学,語源・語彙,疑問,上級,言語好き,質問型
UJLMyeqm1Ys,気になる言葉について90分ふざけながら講演しました【出張ゆる言語学ラジオ】#176,2022-11-12T00:45:02Z,156249,1785,393,PT1H30M15S,言語学,語源・語彙,知識欲,中級,言語好き,解説型
a1Z0zP-r-yQ,サポーターと奴隷合宿をしたら竹刀が持ち込まれた話【奴隷合宿】#175,2022-11-08T09:45:01Z,119485,2019,124,PT38M22S,その他,その他,知識欲,中級,言語好き,断定型
yZTjFVnmTaw,飲み会よりも読書を優先するコンビによる2022年ベスト本紹介 #174,2022-11-05T00:45:04Z,194985,3056,190,PT1H8M47S,その他,読書・学習,実用,中級,読書好き,断定型
cQIJCLKIh18,言語学者あるある「ヴェンドラーの動詞分類で混乱する」【言語学者あるある】 #173,2022-11-01T09:45:04Z,118219,2132,292,PT48M21S,言語学,語源・語彙,共感,中級,言語好き,断定型
fLcTo6Kstao,言語学者2人が本気で論文紹介する回【ガチ言語学ラジオ】#172,2022-10-29T00:45:01Z,194465,4395,468,PT54M34S,言語学,語源・語彙,知識欲,中級,言語好き,断定型
OK-a6R0wa0o,学んだ理由はロックバンド。言語学者のパンクな人生。【嶋村先生雑談回】#171,2022-10-25T09:45:01Z,170388,2987,204,PT59M45S,その他,雑談・ライブ,知識欲,初級,言語好き,雑談型
5Y-nTXVT9hk,言語とはブロッコリーである【生成文法4】#170,2022-10-22T00:45:00Z,120315,3870,237,PT35M21S,言語学,日本語文法,知識欲,中級,言語好き,解説型
CYxGKxBZApE,チョムスキーが提唱した「ふたまたニョキニョキ理論」【生成文法3】#169,2022-10-18T09:45:00Z,133992,2782,195,PT24M44S,言語学,日本語文法,知識欲,中級,言語好き,断定型
_xvgxuvfcts,神になったら、人間に何をインストールすべき？【生成文法2】#168,2022-10-15T00:45:01Z,184581,3565,250,PT37M33S,言語学,日本語文法,疑問,中級,言語好き,質問型
E49cMz_QwO8,すべての言語の共通点とは？【生成文法1】#167,2022-10-11T09:45:00Z,268176,5073,333,PT39M35S,言語学,日本語文法,疑問,中級,言語好き,質問型
a3gc-UMMzZY,宇宙人のしわざと言われた現象、今では〇〇に役立ってます【うんちくエウレーカクイズ_医療編】#166,2022-10-08T00:45:00Z,408174,4374,336,PT54M44S,科学・自然,クイズ・ゲーム,知識欲,初級,雑学好き,クイズ型
hU54sOIJFQ8,「！」はなぜエクスクラメーションマークと呼ばれるのか？【ターゲット1900⑤】#165,2022-10-04T09:45:02Z,171566,2623,349,PT47M56S,語源・語彙,語源・語彙,疑問,中級,言語好き,質問型
3iPLkxD__X4,リアリティショーを制作したら赤字が100万円出た話【ゆる学徒ハウス撮影秘話】#164,2022-10-01T00:45:00Z,115155,2202,189,PT44M38S,その他,その他,知識欲,中級,言語好き,断定型
RTO89LjFUKw,【ゲーム実況③】単語の解読が困難すぎて苦悩するゲーム【7days to end with you】#163,2022-09-27T09:45:01Z,132638,2516,180,PT1H10M40S,その他,その他,知識欲,中級,言語好き,断定型
itCYrUONG5w,動物の名前で争ったおもしろ判例「たぬき・むじな事件」【公開収録3】#162,2022-09-24T00:45:01Z,125680,1972,247,PT53M57S,言語学,語源・語彙,笑い,中級,言語好き,断定型
OQMHvSyeBUA,【大忘年会】700人規模の大会場でリアルイベントやるよ！【告知】#161,2022-09-20T09:45:00Z,70122,1347,208,PT45M58S,その他,その他,知識欲,中級,言語好き,断定型
k5RHoWWjk-s,ことわざは世界中に見ることができる「小さな言語芸術」【ことわざ4】#160,2022-09-17T00:45:00Z,248665,3695,534,PT48M23S,言語学,語源・語彙,知識欲,中級,言語好き,断定型
0I8SC5N5ddA,盛りすぎたデンマークのことわざ【ペリカンを半分に吹き飛ばしている】【ことわざ3】#159,2022-09-13T09:45:00Z,139094,2501,342,PT30M3S,言語学,語源・語彙,知識欲,中級,言語好き,断定型
m2u6qWGOWQo,中国の謎ことわざを合体させて遊ぶ【唇亡びて歯亡びても舌存す】【ことわざ2】#158,2022-09-10T00:45:01Z,150408,2781,433,PT36M34S,言語学,語源・語彙,知識欲,中級,言語好き,謎解き型
8tQNnCnumKM,謎のことわざを無限に紹介する回【エビサンドに乗って滑る】【ことわざ1】#157,2022-09-06T09:45:00Z,246490,4995,388,PT27M40S,言語学,語源・語彙,知識欲,中級,言語好き,謎解き型
jGPa2_Rdbys,会話にキモインテリ慣用句を放り込んだら確変タイムに入った【何こいつキモナイト2】#156,2022-09-03T00:45:01Z,148468,3067,280,PT29M31S,語源・語彙,語源・語彙,知識欲,中級,言語好き,断定型
5HUPJcw-YXA,40人と40時間ラジオを録り続けたら起きたこと【ゆる学徒ハウス】 #155,2022-08-30T09:45:00Z,95378,1858,166,PT46M14S,その他,その他,知識欲,中級,言語好き,断定型
aeKlmqPBXdY,高校でうんちくクイズしたら高校生たちが強すぎた【出張ゆる言語学ラジオ】#154,2022-08-27T00:45:00Z,186923,3208,272,PT1H12M51S,その他,クイズ・ゲーム,驚き,初級,雑学好き,クイズ型
1nTQkqhZQgI,スカートもシャツも原義は「短いもの」【ターゲット1900④】#153,2022-08-23T09:45:00Z,109922,1969,254,PT41M10S,語源・語彙,語源・語彙,知識欲,中級,言語好き,断定型
XerPfJTGL2Y,【ゲーム実況②】未知の言語の辞書を作るゲーム【7days to end with you】#152,2022-08-20T00:45:01Z,168535,3239,201,PT1H1M32S,その他,読書・学習,知識欲,中級,読書好き,断定型
in8p_9XIi24,「新年おめでとう」のカードで市長が逮捕された理由は？【うんちくエウレーカクイズ ことば編】 #151,2022-08-16T09:45:01Z,343297,3793,328,PT51M46S,社会・時事,クイズ・ゲーム,疑問,初級,雑学好き,クイズ型
ivG_fbmuV5M,子どもの言い間違い「つめたまる」が素晴らしすぎる【赤ちゃんミステイクアワード2 with今井先生】#150,2022-08-13T00:45:01Z,177341,3512,591,PT31M15S,言語学,心理・認知,知識欲,中級,言語好き,断定型
6AO_a9H5gTY,「学び」研究の第一人者の言葉が重すぎる【今井先生雑談回】#149,2022-08-09T09:45:00Z,300608,6342,342,PT56M14S,心理学・認知,雑談・ライブ,知識欲,初級,言語好き,雑談型
nh6Ru3TQMzo,慶應SFCでゲスト講義してきた【出張ゆる言語学ラジオ】#148,2022-08-06T00:45:01Z,160480,3132,279,PT1H17M56S,その他,その他,知識欲,中級,言語好き,断定型
gPeqJGMSB2A,言語学とコンピュータ科学の共通点は、赤ちゃん。【赤ちゃんの言語以外】#147,2022-08-02T09:45:01Z,171879,2630,277,PT45M3S,言語学,語源・語彙,知識欲,中級,言語好き,断定型
7XDjwpMc5Wg,一生読まない本を手放そう！積み本精霊流し【雑談回】#146,2022-07-30T00:45:00Z,206449,3191,353,PT1H3M27S,その他,雑談・ライブ,知識欲,初級,言語好き,雑談型
r8lqZO7hRtE,おいしさの本質は味ではないし、服は着ない方がいい【雑談回】#145,2022-07-26T09:45:03Z,371615,5556,688,PT1H3M7S,その他,雑談・ライブ,知識欲,初級,言語好き,雑談型
hc5EuJ4A4t4,戦車を「タンク」と呼ぶ理由は？軽井沢は何が軽いの？【うんちくエウレーカクイズ_語源編】#144,2022-07-23T00:45:01Z,572821,5554,720,PT58M23S,語源・語彙,クイズ・ゲーム,疑問,初級,雑学好き,クイズ型
OAhG061_1Nc,難解な本で大混乱する人を眺めよう！【生成文法チャレンジ】 #143,2022-07-19T09:45:00Z,147986,2570,281,PT49M46S,言語学,日本語文法,知識欲,中級,言語好き,断定型
bV058jE8RVw,語源から考えると、Tシャツはアパレルじゃないかも【ターゲット1900_3】#142,2022-07-16T00:45:01Z,145694,2504,340,PT43M5S,語源・語彙,語源・語彙,知識欲,中級,言語好き,断定型
2A8uNtJFEi8,メタモン座談会をやったら、戦々恐々と喋る空間が生まれた【公開収録2】#141,2022-07-12T09:45:00Z,191413,3566,457,PT1H1M8S,その他,その他,知識欲,中級,言語好き,断定型
PGHCk87Zh54,赤ちゃんの素敵な間違いを集めよう 【赤ちゃんミステイクアワード】#140,2022-07-09T00:45:00Z,149640,2766,305,PT39M21S,心理学・認知,心理・認知,知識欲,中級,言語好き,断定型
GGU77yprZhA,ゆる言語学ラジオグッズで部屋が埋まり、クレカが止まった【通販開始告知】#139,2022-07-05T09:45:00Z,122120,2250,422,PT46M28S,その他,その他,知識欲,中級,言語好き,断定型
Jp2MfGQZ7F0,”1”の多義性がヤバすぎて子どもがかわいそう【今井先生ゲスト回2】#138,2022-07-02T00:45:00Z,411366,7445,953,PT59M26S,言語学,語源・語彙,知識欲,中級,言語好き,断定型
NinaUFNul8E,専門家の話を聞いたら日本語習得を諦めたくなった【今井先生ゲスト回1】#137,2022-06-28T09:45:01Z,338653,5496,475,PT39M5S,言語学,語源・語彙,知識欲,中級,言語好き,断定型
Q03h9vopd4s,2歳半の73%は存在しない擬態語を理解できる【赤ちゃんとオノマトペ】#136,2022-06-25T00:45:00Z,162144,2993,294,PT41M23S,言語学,音声・音韻,知識欲,中級,言語好き,断定型
GNLazvO8AVQ,独裁者になって赤ちゃんのために言語を作りたい！【赤ちゃんと形容詞】#135,2022-06-21T09:45:00Z,209038,3223,460,PT30M27S,言語学,語源・語彙,知識欲,中級,言語好き,断定型
3r74Mup30xI,「足で投げる」をバカにしてると、赤ちゃんに叱られる【赤ちゃんと動詞2】#134,2022-06-18T00:45:00Z,146722,2599,620,PT36M35S,言語学,語源・語彙,知識欲,中級,言語好き,断定型
n70ldRw4n0E,赤ちゃん相手の実験は、まず眠らせないところから【赤ちゃんと動詞1】#133,2022-06-14T09:45:04Z,209996,3176,266,PT33M18S,心理学・認知,心理・認知,知識欲,中級,言語好き,断定型
OsN8H6u3Vs4,ストラディバリウスが作れたのは〇〇が弱くなったから【うんちくエウレーカクイズ 音楽編】#132,2022-06-11T00:45:00Z,390375,4903,742,PT51M41S,歴史・文化,クイズ・ゲーム,知識欲,初級,雑学好き,クイズ型
oQHeErn4R3g,新番組パーソナリティ募集&新チャンネル誕生のお知らせ【ゆる学徒ハウス】#131,2022-06-07T09:45:33Z,107064,1979,297,PT1H2M58S,その他,その他,知識欲,中級,言語好き,断定型
8FEphvanuHo,官能小説辞典を読んだら、官能小説みたいな声が出た【官能小説の表現】#130,2022-06-04T00:45:00Z,303323,7284,733,PT59M,言語学,語源・語彙,知識欲,中級,言語好き,断定型
Drl5HMryYLM,【世界最古の宿】情報量の多い旅館で奴隷合宿トーク【雑談回】#129,2022-05-31T09:45:00Z,179418,2893,297,PT59M46S,その他,雑談・ライブ,知識欲,初級,言語好き,雑談型
Q5LF9bzYt_0,直観を裏切る語源クイズをやったら、語源不信になった【無限語源トーク】#128,2022-05-28T00:45:00Z,663026,8284,737,PT59M28S,語源・語彙,クイズ・ゲーム,知識欲,初級,言語好き,クイズ型
8hURqVX7sXo,Dr.STONEは科学マンガではない。本質は文系。【雑談回】#127,2022-05-23T09:45:01Z,287630,4534,518,PT1H1M59S,その他,雑談・ライブ,知識欲,初級,言語好き,雑談型
VdVT4zYSH24,強烈なファンアート（石像）が来た【おたより雑談回】#126,2022-05-21T00:45:00Z,165330,3170,458,PT1H27S,その他,雑談・ライブ,知識欲,初級,言語好き,雑談型
TR_5gN2IOhA,英語史は明太マヨ【カタルシス英文法_準動詞3】#125,2022-05-17T09:45:00Z,100125,2113,206,PT36M45S,言語学,日本語文法,知識欲,中級,言語好き,断定型
5_m-4ue3erM,混ぜてはいけないものを混ぜて生まれた現在進行形【カタルシス英文法_準動詞2】#124,2022-05-14T00:45:00Z,126463,2403,258,PT23M15S,言語学,日本語文法,知識欲,中級,言語好き,断定型
4nx71ckg8Eg,原形不定詞とto不定詞は、八ツ橋と生八ツ橋【カタルシス英文法_準動詞1】#123,2022-05-10T09:45:00Z,137013,2576,242,PT32M16S,言語学,日本語文法,知識欲,中級,言語好き,断定型
9UC6fpYL7mw,「ゆる言語学ラジオ大好き芸人」イベント出ます【告知回】#122,2022-05-07T00:45:00Z,113440,1960,245,PT38M3S,その他,その他,知識欲,中級,言語好き,断定型
GOlmrYFZQ4c,答えより下ネタを言いたくなるクイズ【うんちくエウレーカクイズ4】#121,2022-05-03T09:45:00Z,404575,4602,429,PT50M10S,その他,クイズ・ゲーム,知識欲,初級,雑学好き,クイズ型
vrBzSXN4MYI,【ゲーム実況①】フィールド言語学者の気持ちが分かるゲーム【7days to end with you】#120,2022-04-30T00:45:02Z,356360,8611,521,PT56M20S,その他,その他,知識欲,中級,言語好き,断定型
AL_XHN39DOk,「知は、現場にある（光文社新書）」は神コピー【ターゲット1900】#119,2022-04-26T09:45:01Z,135206,2774,381,PT41M8S,コミュニケーション,コミュニケーション,知識欲,中級,言語好き,断定型
Ok2SmWEx_Uk,乾坤一擲サン・ジョルディの日【本を贈る祝祭】【雑談回】#118,2022-04-23T00:45:00Z,115865,2153,277,PT45M27S,その他,雑談・ライブ,知識欲,初級,言語好き,雑談型
f9SbRBWkynU,『響け！ ユーフォニアム』は現代版『罪と罰』【深読みおじさんフェスティバル】#117,2022-04-19T09:45:03Z,154675,3726,460,PT44M53S,その他,その他,知識欲,中級,言語好き,断定型
jmqSARvW6Eg,ビジネス書を読むとハゲるし、蕁麻疹も出る【ビジネス書100冊雑談】#116,2022-04-16T00:45:01Z,346232,4974,349,PT49M2S,その他,雑談・ライブ,知識欲,初級,ビジネス層,断定型
9kFL26oCKVs,うんちくをウミガメのスープに料理してみた【うんちくエウレーカウミガメのスープ】#115,2022-04-12T09:45:00Z,588818,6655,725,PT1H17S,その他,クイズ・ゲーム,知識欲,中級,雑学好き,クイズ型
iNAC58puA6w,【名前はまだ早い】赤ちゃんには「人間」と名乗るべき【赤ちゃんまとめ】#114,2022-04-09T00:45:03Z,299198,4602,421,PT56M1S,言語学,語源・語彙,知識欲,中級,言語好き,断定型
zeGChbd9RA0,赤ちゃんと詩人を見分けるクイズをやったら難しすぎたww【赤ちゃんと創作2】#113,2022-04-05T09:45:03Z,227640,4469,482,PT37M4S,言語学,クイズ・ゲーム,知識欲,初級,言語好き,クイズ型
1xO-Lfs02c8,徹底討論 赤ちゃんはクリエイティブ？【赤ちゃんと創作1】#112,2022-04-02T00:45:00Z,190298,3391,512,PT41M34S,心理学・認知,心理・認知,議論,中級,言語好き,質問型
I0BSrrCxy_c,カタルシス赤ちゃん英文法「可算・不可算名詞」【赤ちゃんの言語習得5】#111,2022-03-29T09:45:00Z,443693,10233,798,PT33M42S,言語学,日本語文法,知識欲,中級,言語好き,断定型
Gz3sGPBXXXQ,赤ちゃんは遷移確率を算出するエグい計算機【赤ちゃんの言語習得4】#110,2022-03-26T00:45:00Z,215921,4095,582,PT26M19S,心理学・認知,心理・認知,知識欲,中級,言語好き,断定型
aPnXMtrumzs,赤ちゃんにおしゃぶりでDJをさせる実験がある【赤ちゃんの言語習得3】#109,2022-03-22T09:45:01Z,227673,3537,348,PT35M9S,言語学,語源・語彙,知識欲,中級,言語好き,断定型
J7rAZ2tRoT0,論理的に解けない難問「ガヴァガイ問題」を赤ちゃんは解く【赤ちゃんの言語習得2】#108,2022-03-19T00:45:01Z,367048,6230,722,PT38M45S,言語学,語源・語彙,知識欲,中級,言語好き,断定型
-JTQQbvbIns,【祝賀会or残念会】Podcast AWARDS振り返りライブ【授賞式直後】,2022-03-17T15:34:29Z,314402,2433,156,PT3H27S,その他,雑談・ライブ,知識欲,初級,言語好き,ライブ型
AMIaheSRVew,赤ちゃんの言語習得が無理ゲーすぎる【赤ちゃんの言語習得】#107,2022-03-15T09:45:00Z,447276,8182,544,PT30M1S,言語学,語源・語彙,知識欲,中級,言語好き,断定型
5fkT0qrDg_I,初回動画を見返したらツッコミが止まらなかった【雑談回】#106,2022-03-12T00:45:00Z,230518,4156,331,PT59M10S,その他,雑談・ライブ,知識欲,初級,言語好き,雑談型
fFGSy60zKlw,【チャンネル登録10万人突破】YouTuberクリシェ。【雜談回】#105,2022-03-08T09:45:01Z,132450,2798,297,PT51M7S,その他,その他,知識欲,中級,言語好き,断定型
2AxuPKW8aUw,公開収録をやったらイキリ発言を晒し合う戦いになった【公開収録】#104,2022-03-05T00:45:02Z,113653,2366,281,PT48M29S,その他,その他,知識欲,中級,言語好き,断定型
RERceQyeld0,【10年後の受験生へ】ターゲット1900の全語源解説（7単語だけで1時間）【ターゲット1900①】#103,2022-03-01T09:45:01Z,433599,9680,774,PT53M18S,語源・語彙,語源・語彙,知識欲,中級,学生,断定型
q_MfYdFxgTc,【売り子もやるよ】Podcasterの物販イベントに出店決定！【Podcast Weekend参加告知】#102,2022-02-26T00:45:00Z,100171,2171,361,PT47M,その他,その他,知識欲,中級,言語好き,断定型
QW9v7Yneuq0,お互いの奇書を自慢したら最高にキショかった【キショ奇書自慢選手権】#101,2022-02-22T10:16:25Z,215898,4333,573,PT46M28S,その他,その他,知識欲,中級,雑学好き,断定型
r_Su4Awa6Dk,57歳で博士号を取得して、日本語学界に多大な影響を与えた男【三上章2】#100,2022-02-19T00:45:00Z,123773,3030,247,PT34M1S,言語学,語源・語彙,知識欲,中級,言語好き,断定型
dqd4NLCQNIQ,【ズボンのボタン引きちぎる】ヤバ言語偉人・三上章の一生【三上章1】#99,2022-02-15T09:45:01Z,140805,2978,282,PT22M51S,言語学,語源・語彙,知識欲,中級,言語好き,断定型
O54r0v9sJig,奄美大島の方言「はげ」の意味とは？【ベスト方言グランプリ2】#98,2022-02-12T00:45:01Z,141069,2491,860,PT52M48S,言語学,方言・地域語,実用,中級,言語好き,質問型
FSmLfHsVjSo,ヤノマミ族は「〇〇学者」を悪口にしている【うんちくエウレーカクイズ3】#97,2022-02-08T09:45:00Z,335327,3974,410,PT50M57S,歴史・文化,クイズ・ゲーム,知識欲,初級,雑学好き,クイズ型
DOPj0ObyX-Y,四字熟語バトルをしたり、リスナー名を○○に決めたり【おたより雑談回】#96,2022-02-05T00:45:00Z,177689,3273,496,PT52M21S,その他,雑談・ライブ,知識欲,初級,言語好き,雑談型
TLFxYRB0uBI,疲れ「た」ので、何度も同じ話をする人々【雑談回】#95,2022-02-01T09:45:01Z,115226,2798,213,PT33M11S,その他,雑談・ライブ,知識欲,初級,言語好き,雑談型
drXeWP6Smlc,「た」を巡る物語、最終話。【た6】#94,2022-01-29T00:45:01Z,139403,3911,451,PT36M54S,言語学,語源・語彙,知識欲,中級,言語好き,断定型
fPY_7jbiTx8,なぜ『11人いる！』は「11人いた！」ではダメなのか？【た5】#93,2022-01-25T09:45:03Z,207048,4596,602,PT42M59S,言語学,語源・語彙,疑問,中級,言語好き,質問型
RVw1F-ttOfI,「た」のルーツは室町時代【た4】#92,2022-01-22T00:45:03Z,162812,2875,354,PT36M37S,言語学,語源・語彙,知識欲,中級,言語好き,断定型
I0iFsy-QShY,反省しているのは現在なのになぜ「た」を使うの？【た3】#91,2022-01-18T09:45:01Z,198567,3170,747,PT29M39S,言語学,語源・語彙,疑問,中級,言語好き,質問型
P4FvgzaY2MA,「た」には6種類あるし、○○も□□も表せる【た2】#90,2022-01-15T00:45:00Z,274167,5109,513,PT28M2S,言語学,語源・語彙,知識欲,中級,言語好き,断定型
iXlykljJ3kY,た,2022-01-15T00:31:43Z,178412,3434,157,PT20M3S,言語学,語源・語彙,知識欲,中級,言語好き,断定型
wlQrQVzdoVA,大嘘つきに使える悪口「神聖ローマ帝国じゃん」【インテリ悪口パビリオン】#88,2022-01-08T00:45:03Z,457063,7781,596,PT36M28S,語源・語彙,語源・語彙,笑い,中級,言語好き,断定型
e4fDwDNc11Q,珍しい名字からは日本語の○○が分かる【うんちくエウレーカクイズ2】#87,2022-01-04T09:45:03Z,458670,5437,461,PT51M19S,言語学,クイズ・ゲーム,知識欲,初級,雑学好き,クイズ型
hyHkEbZDWmo,新年だから今後の構想をデカく語る【飛躍の年はクリシェ】【新年雑談回】#86,2022-01-01T00:45:01Z,117773,2336,369,PT45M41S,その他,雑談・ライブ,知識欲,初級,言語好き,雑談型
poT4BzX7e_Q,ゆる言語学ラジオ忘年会ライブ【流行語大賞決定&ひたすらエモい話】,2021-12-28T14:53:54Z,878026,4598,221,PT3H37M43S,その他,雑談・ライブ,知識欲,初級,言語好き,ライブ型
Z0KLBPiRrOY,人は無知の量を誇るべき【雑談回】#85,2021-12-25T01:57:04Z,315536,5407,587,PT1H3M24S,その他,雑談・ライブ,知識欲,初級,言語好き,雑談型
4jcgyHsqBOs,アジに「アジ」の名はふさわしくない【無限語源トーク2】#84,2021-12-21T09:45:00Z,133180,2413,538,PT22M20S,語源・語彙,語源・語彙,知識欲,中級,言語好き,断定型
2UXylDl-HIY,『満月の夜なら』は、語源辞典から作詞された歌【無限語源トーク1】#83,2021-12-18T00:45:00Z,129818,2517,457,PT25M54S,語源・語彙,語源・語彙,知識欲,中級,言語好き,断定型
f4grx-2ngzE,【投票お願い】あなたの1票が我々の未来を変えます#82,2021-12-14T09:45:01Z,63658,1701,307,PT19M51S,その他,その他,知識欲,中級,言語好き,断定型
75HsFDb3HLI,日常系萌えアニメに潜む言語学の仮説【福田先生雑談回2】#81,2021-12-11T00:45:00Z,170105,3843,301,PT41M52S,言語学,雑談・ライブ,知識欲,初級,言語好き,雑談型
sSvxP5cUASM,言語学者が手加減せずに喋るとこうなる【福田先生雑談回1】#80,2021-12-07T09:45:01Z,210432,4193,337,PT51M9S,言語学,雑談・ライブ,知識欲,初級,言語好き,雑談型
2iwZmLJ5OnE,【忘年会ライブ告知】流行語大賞とか、サンプル1の出会いの話とか #79,2021-12-04T00:48:00Z,76157,1714,201,PT25M33S,その他,雑談・ライブ,知識欲,初級,言語好き,ライブ型
0nmVZ6Up__k,問題文の言語によって正答率が左右される。そんなことある？【第二言語習得論5】#78,2021-11-30T09:45:00Z,212708,5424,668,PT50M17S,心理学・認知,心理・認知,疑問,中級,言語好き,質問型
SmH9EbH0x0c,英語は衛星枠付け言語だった！？【第二言語習得論4】#77,2021-11-27T00:45:00Z,156831,3131,431,PT31M32S,言語学,語源・語彙,疑問,中級,言語好き,質問型
4oKTEuDgO3s,「無意識の学習」を証明する実験とは？【第二言語習得論3】#76,2021-11-23T09:45:00Z,287933,5963,441,PT38M43S,心理学・認知,心理・認知,疑問,中級,言語好き,質問型
h2tt1bEU72g,母語はどこまで人に影響を与えるのか？方向感覚は？【第二言語習得論2】#75,2021-11-20T00:45:01Z,150108,3504,466,PT16M50S,言語学,語源・語彙,疑問,中級,言語好き,質問型
o3Yy_pjpBO8,明日から全く役に立たない第二言語習得論【第二言語習得論1】#74,2021-11-16T09:45:02Z,173637,3727,326,PT22M16S,言語学,語源・語彙,知識欲,中級,言語好き,断定型
tu3kLecDqq4,サポーターコミュニティ始めます【課金で伝説のボツ回が見れる】 #73,2021-11-14T00:45:00Z,120303,2507,349,PT54M42S,その他,その他,知識欲,中級,言語好き,断定型
CX-57sNSZeE,与謝野晶子に学ぶ、最強の黒歴史の作り方【奴隷合宿】#72,2021-11-09T09:45:00Z,227539,4650,556,PT47M28S,歴史・文化,歴史・文化,知識欲,中級,一般,謎解き型
sj7eer2tArs,意図せずメタ認知が暴走する悲しき怪物【ミーム提案委員会2】＃71,2021-11-06T00:45:01Z,292342,5261,1071,PT54M37S,心理学・認知,心理・認知,知識欲,中級,言語好き,断定型
-d742iuB7L0,説教おじさんスイッチが反応しちゃう英単語【OEDおもしろ単語3】#70,2021-11-02T09:45:00Z,229342,3802,453,PT47M44S,語源・語彙,語源・語彙,笑い,中級,言語好き,断定型
WffHr9ypGsw,ジャルジャルのコントは1単語で表せる【OEDおもしろ単語2】#69,2021-10-30T00:45:00Z,229296,4539,708,PT39M57S,語源・語彙,語源・語彙,笑い,中級,言語好き,断定型
b5-G9dzdLzI,1年間辞書を読み続けた人にしか分からないあるある【OEDおもしろ単語1】#68,2021-10-28T09:45:01Z,416432,9015,861,PT35M20S,語源・語彙,読書・学習,笑い,中級,読書好き,断定型
Fc8ugpF5_C8,「ギガが減る」を許せない頑固おじさんの改心【今年の新語予想】#67,2021-10-26T00:45:00Z,377762,5286,1823,PT1H4M31S,言語学,語源・語彙,知識欲,中級,言語好き,断定型
ru1ZVmytMoo,【徹底討論】プログラミング言語は言語なの？【ゆるコンピュータ科学ラジオ4】#66,2021-10-23T00:45:00Z,293747,4382,903,PT59M17S,言語学,コミュニケーション,議論,中級,言語好き,質問型
qNHfKNjX8Us,プログラミング言語には思想が宿る。だから戦争が起きる。【ゆるコンピュータ科学ラジオ3】#65,2021-10-19T09:45:02Z,351468,5598,809,PT50M16S,言語学,語源・語彙,知識欲,中級,言語好き,断定型
uDCTXGCk2Zk,プログラマーと辞書オタク、実質同じ【ゆるコンピュータ科学ラジオ2】#64,2021-10-16T00:45:01Z,332803,5901,586,PT39M23S,言語学,読書・学習,知識欲,中級,読書好き,断定型
dkP8Uf7PveE,脳にUSBを挿したらYouTube再生できる？【ゆるコンピュータ科学ラジオ1】#63,2021-10-12T09:45:04Z,367127,5881,580,PT29M9S,科学・自然,科学・自然,疑問,中級,一般,質問型
ugPrgVrR6ag,隣の棚はアンパンマンでした【文教堂フェア行ってきた】#62,2021-10-09T00:45:00Z,101782,2539,321,PT24M19S,その他,その他,知識欲,中級,言語好き,断定型
SbV9O7Gd4Sk,人類の多くはベンジャミン。生まれた瞬間〇〇を判断【英米人名２】#61,2021-10-05T09:45:03Z,188528,3588,1156,PT44M31S,言語学,語源・語彙,知識欲,中級,言語好き,断定型
bkZbSiwHBWc,「許してクレメンス」は超インテリギャグ【英米人名1】#60,2021-10-02T00:45:00Z,248988,4540,685,PT34M40S,語源・語彙,語源・語彙,知識欲,中級,言語好き,断定型
EtXBKIMqSUY,米国を恐怖に陥れた「サメの夏」をミーム化【雑談コメント返し】 #59,2021-09-28T09:45:01Z,166310,3165,919,PT58M26S,その他,雑談・ライブ,知識欲,初級,言語好き,断定型
T5cDcCKB19k,江戸時代の米はビットコインに似ている【雑談回】 #58,2021-09-25T00:45:01Z,223393,3093,552,PT1H4M7S,歴史・文化,雑談・ライブ,知識欲,初級,一般,雑談型
fFbumZyreQA,子音が17個連続する言語がある！？『言語』よもやま話【サピア4】#57,2021-09-21T00:45:01Z,229598,3776,668,PT55M8S,言語学,意味・論理,疑問,中級,言語好き,質問型
HwuXR3KH0wI,「ら抜き言葉」で日本語は美しくなった【サピア3】 #56,2021-09-18T00:45:01Z,128890,3011,500,PT19M41S,言語学,意味・論理,知識欲,中級,言語好き,断定型
h6zyDXsuVh8,言語の変化を説明する鍵は「ドリフト」【サピア2】#55,2021-09-14T09:45:01Z,139220,2540,423,PT35M59S,言語学,意味・論理,知識欲,中級,言語好き,断定型
purzZplAHpI,言語学の研究対象は、文字よりも音よりも○○【サピア1】#54,2021-09-11T00:45:01Z,244047,3921,399,PT44M57S,言語学,意味・論理,知識欲,中級,言語好き,断定型
LteliiwAFe4,人類が服を着始めた年代は、あの虫から分かる【うんちくエウレーカクイズ】 #53,2021-09-07T09:45:01Z,276676,4436,260,PT32M30S,科学・自然,クイズ・ゲーム,知識欲,初級,雑学好き,クイズ型
FLq-XlEvxak,オタク用語「しんどい」の精神は古文で既に登場してる【雑談回】#52,2021-09-04T00:45:00Z,212598,3564,1119,PT54M6S,語源・語彙,雑談・ライブ,知識欲,初級,言語好き,雑談型
O9dMmofn7JU,妄想で人を撃ち、自分のアレを切り落とした狂人の皮肉【オックスフォード英語大辞典2】#51,2021-08-31T09:45:01Z,163890,4180,299,PT35M41S,言語学,語源・語彙,知識欲,中級,言語好き,断定型
e11Q7m-45Cc,世界初の大型辞書は、殺人犯のお陰で完成した【オックスフォード英語大辞典1】#50,2021-08-28T00:45:00Z,221358,4330,273,PT34M7S,言語学,読書・学習,知識欲,中級,読書好き,断定型
7sX8rPt2uYE,「お前の母ちゃんデベソ」の起源は御成敗式目【書店コラボ告知】 #49,2021-08-24T09:45:00Z,105873,2502,313,PT38M23S,語源・語彙,語源・語彙,知識欲,中級,言語好き,断定型
VNTx4A8C6qU,数と言葉はどちらも「身体ハック」から生まれた【数の発明3】#48,2021-08-21T00:45:00Z,154633,2852,598,PT38M25S,言語学,語源・語彙,知識欲,中級,言語好き,断定型
Idn-gber9-A,10進法が生まれた究極の原因は「石川啄木」【数の発明2】#47,2021-08-17T09:45:00Z,170839,3252,697,PT37M27S,言語学,語源・語彙,知識欲,中級,言語好き,断定型
jrNc7fmtTNE,人は生まれつき算数ができる？赤ちゃんビビらす実験とは【数の発明1】#46,2021-08-14T00:45:03Z,196164,3864,647,PT28M16S,心理学・認知,心理・認知,疑問,中級,言語好き,質問型
o9xAhJ2ZbRQ,会話にキモインテリ慣用句を放り込め！【何こいつキモナイト】#45,2021-08-10T09:45:01Z,429556,6329,640,PT59M39S,語源・語彙,語源・語彙,知識欲,中級,言語好き,断定型
A1_ScH1NiCo,ネイティブは存在しない動詞も理解できるらしい…【カタルシス英文法_文型2】#44,2021-08-07T01:48:40Z,223227,5549,661,PT50M44S,言語学,日本語文法,知識欲,中級,言語好き,断定型
FeSir-QJmUs,高校英語で習う「5文型」、実は超役に立つ【カタルシス英文法_文型1】#43,2021-08-03T09:45:00Z,186266,4347,314,PT30M46S,言語学,日本語文法,知識欲,中級,言語好き,断定型
kNIQXzBiTwA,「便」はなぜ「手紙」も「うんこ」も表すのか【雑談コメント返し】#42,2021-07-31T00:45:01Z,227859,3716,755,PT58M25S,語源・語彙,雑談・ライブ,疑問,初級,言語好き,質問型
43bvI0smi7k,助数詞シリーズは『宇宙兄弟』っぽいよね（自画自賛）【振り返り雑談回】#41,2021-07-27T09:45:00Z,106024,1887,275,PT24M6S,その他,雑談・ライブ,知識欲,初級,言語好き,雑談型
9J7kyciQI3E,助数詞はゲルニカ。【助数詞4】#40,2021-07-24T00:45:00Z,177659,4072,414,PT23M21S,言語学,語源・語彙,知識欲,中級,言語好き,断定型
NXpMF7qycDE,「ラーメン2丁！」は、航空無線と同じ理論で説明できる【助数詞3】#39,2021-07-20T09:45:00Z,226329,4345,671,PT29M56S,言語学,語源・語彙,知識欲,中級,言語好き,断定型
K5_ktUB62G0,なぜ「仏の顔も3回まで」は間違いなのか？【助数詞2】#38,2021-07-17T00:45:00Z,358834,6874,854,PT30M23S,言語学,語源・語彙,疑問,中級,言語好き,質問型
dNNMueYZTms,「鬼」と「改心した鬼」は数え方が違う【助数詞1】#37,2021-07-13T09:45:01Z,354670,6510,711,PT32M51S,言語学,語源・語彙,知識欲,中級,言語好き,断定型
s57oEdVH9T4,『名誉の殺人』も『コンテナ物語』も「出落ち本」【ミーム提案委員会】 #36,2021-07-10T02:21:51Z,254688,4496,522,PT1H5M12S,その他,その他,知識欲,中級,言語好き,断定型
3M4e07gnEH4,吉幾三的な言語と、その本質「イビピーオ」の幸福度がすごい【ピダハン後編】 #35,2021-07-06T09:45:01Z,272241,8132,564,PT37M48S,言語学,語源・語彙,知識欲,中級,言語好き,断定型
eOjFarDoEWk,異世界転生ものみたいな言語学者の本『ピダハン』に震える【ピダハン前編】#34,2021-07-03T00:45:03Z,314617,6464,363,PT32M56S,言語学,語源・語彙,知識欲,中級,言語好き,断定型
bDVpBNIXXh4,虹にはオス・メスがあるし、昔はマラリアを注射してた【うんちくしりとりパンクラチオン】#33,2021-06-29T09:45:03Z,490463,5723,870,PT1H29M56S,科学・自然,クイズ・ゲーム,知識欲,初級,雑学好き,検証型
NSSls2NLMfs,wishは意識高い系飲み会の動詞【カタルシス英文法】#32,2021-06-26T01:07:13Z,129349,2212,494,PT44M50S,言語学,日本語文法,知識欲,中級,言語好き,断定型
OGdECZ_nZnM,仮定法のwereは『えんとつ町のプペル』的な存在【カタルシス英文法】#31,2021-06-22T09:45:00Z,144499,2342,234,PT34M,言語学,日本語文法,知識欲,中級,言語好き,断定型
WhzAvTSYXxk,オレたちのベスト方言グランプリ【チャンネル登録3万人記念ライブ配信】,2021-06-19T13:19:53Z,296672,2943,517,PT2H12M52S,言語学,雑談・ライブ,実用,初級,言語好き,ライブ型
gxwy4c_Rgig,「常識の範ちゅう」という日本語は合ってるのか？ラップで感じるアリストテレス【長尺雑談回】#30,2021-06-15T10:07:52Z,241043,3258,882,PT57M53S,言語学,雑談・ライブ,疑問,初級,言語好き,雑談型
AupRSh21Smg,一生憶えられない名前-うんちくおじさんのニッチ苦悩【酔っぱらい雑談回】#29,2021-06-12T00:45:01Z,188108,2835,364,PT57M49S,その他,雑談・ライブ,知識欲,初級,雑学好き,雑談型
sPH5qbBEiaM,「ビーフストロガノフ」を悪役っぽく感じる理由は？【音象徴2】 #28,2021-06-08T09:45:01Z,203761,5337,845,PT34M32S,言語学,語源・語彙,疑問,中級,言語好き,質問型
kqM4K--Vyi4,怪獣の名前はなぜガギグゲゴなのか？ソシュールVSソクラテス！【音象徴1】 #27,2021-06-05T00:45:00Z,298757,6807,657,PT34M41S,言語学,語源・語彙,疑問,中級,言語好き,質問型
4e3ff1WbSxQ,「ひよこ」と「うんこ」の共通点は？【語源辞典ぜんぶ読む】#26,2021-06-01T09:45:00Z,196512,4968,674,PT33M6S,語源・語彙,語源・語彙,疑問,中級,言語好き,質問型
9QWgnPhAh0s,"標準語にするべき方言""おささる""の話と、アカデミズムに対する二次創作の話#25",2021-05-27T09:45:01Z,220099,4962,854,PT1H10M57S,言語学,方言・地域語,知識欲,中級,言語好き,断定型
uHjDHSWbZuM,shallの本質もmustの本質もなんかツラそう…【カタルシス英文法_助動詞_後半】#24,2021-05-25T09:45:01Z,106092,2515,147,PT17M25S,言語学,日本語文法,知識欲,中級,言語好き,断定型
F52-xN7SfFg,困ったオジサンはなぜcouldオジサンなのか？【カタルシス英文法_助動詞_前半】 #23,2021-05-22T00:45:00Z,147498,2623,195,PT22M15S,言語学,日本語文法,疑問,中級,言語好き,質問型
ClAiVcoYHoU,「こざとへん」と「おおざと」は完全な別物。チンチャびっくり【雑談コメント返し】#22,2021-05-18T09:45:00Z,207001,3298,868,PT39M54S,文字・漢字,雑談・ライブ,知識欲,初級,言語好き,断定型
3lYvzeR7SCU,単語の意味に命を懸けた2人が、単語の意味ですれ違う悲劇【辞書物語2】 #21,2021-05-15T00:45:01Z,193214,5404,229,PT33M5S,言語学,読書・学習,共感,中級,読書好き,断定型
1-K5Is_PGBs,辞書界を震撼させた「暮しの手帖事件」と、2人の編纂者のドラマ【辞書物語1】 #20,2021-05-11T09:45:01Z,203326,3768,190,PT23M56S,言語学,読書・学習,知識欲,中級,読書好き,断定型
JDyFEb6NOVI,「友だちの情報量」というヤバいパラメータ。飲み物文化の行き着く先。【酔っぱらい雑談回】 #19,2021-05-04T09:15:00Z,286569,4293,421,PT56M48S,コミュニケーション,雑談・ライブ,知識欲,初級,言語好き,雑談型
_b_XtagwU8A,名称目録的世界観を否定した男・赤ちゃんに戻りたくなる僕ら【ソシュール知ったかぶり講座3】 #18,2021-05-01T01:13:37Z,223414,4213,396,PT33M34S,言語学,語源・語彙,知識欲,中級,言語好き,断定型
Xlvp9rfJ9co,"ソシュールは言語学の""公理""を設定した【ソシュール知ったかぶり講座2】 #17",2021-04-27T09:11:14Z,172192,3047,303,PT28M29S,言語学,語源・語彙,知識欲,中級,言語好き,断定型
We43d7Giei8,言語学の研究対象を定義した男【ソシュール知ったかぶり講座1】 #16,2021-04-24T01:04:04Z,227530,4249,168,PT28M18S,言語学,語源・語彙,知識欲,中級,言語好き,断定型
3XMITicq3Bc,「料理も運動もできる山田」を「料理」と呼ぶ蛮行-後ろ省略多義語の世界 #15,2021-04-20T09:10:49Z,158515,3246,386,PT13M36S,言語学,語源・語彙,知識欲,中級,言語好き,解説型
SPSn--SkUws,「る・らる」はなぜ受身も可能も表せるの？本質は？ #14,2021-04-13T10:15:01Z,147955,3048,222,PT20M7S,言語学,語源・語彙,疑問,中級,言語好き,質問型
cn6gHVI7iq8,方言は日本語なの？「違う言語」とは？【雑談長尺回】#13,2021-04-06T09:48:36Z,250271,4040,492,PT55M38S,言語学,雑談・ライブ,疑問,初級,言語好き,質問型
xE91uqIpOMU,春とバネ、なぜ両方springなのか-多義語パズルへの招待 #12,2021-03-30T09:16:49Z,316225,7578,698,PT22M43S,語源・語彙,語源・語彙,疑問,中級,言語好き,質問型
EZKS5lBSOsw,「主語を抹殺せよ」魅惑の三上文法と言語学のロマン #11,2021-03-27T00:45:00Z,481998,11572,957,PT35M17S,言語学,日本語文法,知識欲,中級,言語好き,断定型
yzTqAU_kiKM,「象は鼻が長い」の謎-日本語学者が100年戦う一大ミステリー #10,2021-03-23T09:45:01Z,1776223,37664,3246,PT32M2S,言語学,語源・語彙,知識欲,中級,言語好き,謎解き型
AgTDxlBwdV8,過去形の本質はpastつまりpassed。これで全てが分かる #9,2021-03-22T09:45:01Z,201938,6209,290,PT19M53S,言語学,語源・語彙,知識欲,中級,言語好き,断定型
Sjd_l-vKZ84,カタルシス英文法-「進行形にできない動詞」は進行形にできる #8,2021-03-21T10:45:31Z,224396,3988,238,PT18M36S,言語学,日本語文法,知識欲,中級,言語好き,断定型
lnl-nQOzvzM,言語学者は娘に嫌われる？令和は「人知を越えたパワー」【雑談】 #7,2021-03-21T00:45:01Z,202952,4052,343,PT33M30S,言語学,雑談・ライブ,疑問,初級,言語好き,質問型
1aNEoPA1YMk,「高橋」は「神と繋がる仕事」を意味する名字 #6,2021-03-20T05:07:07Z,194443,3697,612,PT22M47S,語源・語彙,語源・語彙,知識欲,中級,言語好き,断定型
UEc3nobDjMk,英語は荒野行動！？日本語に「時制の一致」が要らない理由 #5,2021-03-17T09:45:01Z,230008,4964,428,PT17M25S,言語学,語源・語彙,疑問,中級,言語好き,質問型
v2vY-H1FAHM,悶・聞・関、部首が「門」なのはどれ？ #4,2021-03-16T09:45:03Z,197028,4514,404,PT17M49S,文字・漢字,文字・漢字,疑問,中級,言語好き,質問型
KItCvPD86pw,室町時代のなぞなぞで分かる音の変化。昔は「はひふへほ」が発音されていなかった？ #3,2021-03-15T12:05:02Z,288335,5151,435,PT16M31S,言語学,音声・音韻,疑問,中級,言語好き,質問型
-Zo_0_DZrvk,2km先では言語が違う国があるらしい…【言語がたくさんある理由】#2,2021-03-13T10:32:38Z,216906,3841,173,PT7M51S,言語学,語源・語彙,知識欲,中級,言語好き,断定型
2YY9DT4uDh0,「イルカも喋る」は大ウソ【言語学って何？】#1,2021-03-11T09:38:08Z,515607,8330,478,PT14M56S,言語学,語源・語彙,疑問,中級,言語好き,質問型
